_tas_id,date,_date_dt,stat,boat_brand,fleet_type,boat_name,qc,qc_id,qc_status,qc_atc_time,task,Riggers,Riggers_id,Riggers_status,Riggers_atc_time,Shipwright,Shipwright_id,Shipwright_status,Shipwright_atc_time,Cleaner above deck,Cleaner above deck_id,Cleaner above deck_status,Cleaner above deck_atc_time,Cleaner below deck,Cleaner below deck_id,Cleaner below deck_status,Cleaner below deck_atc_time,Safety Equipment,Safety Equipment_id,Safety Equipment_status,Safety Equipment_atc_time,Technician,Technician_id,Technician_status,Technician_atc_time
68992,2026-03-25,2026-03-26T00:00:00+00:00,QTA,Moorings,,[AVANTI](/app/fleet/1731),0,740962,0,2026-03-13T00:31:54.495427+00:00,[#740962](/app/tasks/740962),3497,740968,0,2026-03-23T18:54:35.457149+00:00,6172,740963,2,2026-03-23T18:55:14.637957+00:00,0,740966,0,2026-03-13T00:31:54.743110+00:00,0,740967,0,2026-03-13T00:31:54.790320+00:00,0,740964,0,2026-03-13T00:31:54.636297+00:00,6269,740965,0,2026-03-23T18:55:29.406550+00:00
69282,2026-03-25,2026-03-26T00:00:00+00:00,QTA,Moorings,,[Caroleena II](/app/fleet/3925),0,744595,0,2026-03-19T21:32:00.796921+00:00,[#744595](/app/tasks/744595),3497,744601,0,2026-03-22T19:02:06.634007+00:00,6172,744596,2,2026-03-21T19:47:32.907545+00:00,0,744599,0,2026-03-19T21:32:01.097261+00:00,0,744600,0,2026-03-19T21:32:01.120731+00:00,0,744597,0,2026-03-19T21:32:00.930899+00:00,2267,744598,0,2026-03-21T19:47:17.329200+00:00
68993,2026-03-25,2026-03-26T00:00:00+00:00,QTA,Moorings,,[CATATUDE](/app/fleet/3298),0,740969,0,2026-03-13T00:32:03.240279+00:00,[#740969](/app/tasks/740969),4762,740975,2,2026-03-24T18:03:12.809121+00:00,2313,740970,2,2026-03-24T18:03:42.032307+00:00,0,740973,0,2026-03-13T00:32:03.453303+00:00,0,740974,0,2026-03-13T00:32:03.531623+00:00,0,740971,0,2026-03-13T00:32:03.349208+00:00,2267,740972,0,2026-03-24T18:03:26.990073+00:00
68994,2026-03-25,2026-03-26T00:00:00+00:00,QTA,Moorings,,[CHEAP THRILLS VIII](/app/fleet/2510),0,740976,0,2026-03-13T00:32:04.186293+00:00,[#740976](/app/tasks/740976),6245,740982,2,2026-03-21T19:45:35.325291+00:00,6183,740977,2,2026-03-21T19:46:12.757691+00:00,0,740980,0,2026-03-13T00:32:04.439185+00:00,0,740981,0,2026-03-13T00:32:04.456057+00:00,0,740978,0,2026-03-13T00:32:04.301250+00:00,6269,740979,2,2026-03-21T19:45:53.843073+00:00
68995,2026-03-25,2026-03-26T00:00:00+00:00,QTA,Moorings,,[CORAL](/app/fleet/4198),0,740983,0,2026-03-13T00:32:05.897590+00:00,[#740983](/app/tasks/740983),2285,740989,0,2026-03-21T20:19:34.067964+00:00,2285,740984,0,2026-03-21T20:20:09.433044+00:00,0,740987,0,2026-03-13T00:32:06.195769+00:00,0,740988,0,2026-03-13T00:32:06.242561+00:00,0,740985,0,2026-03-13T00:32:06.045091+00:00,6268,740986,2,2026-03-21T20:19:50.891923+00:00
69216,2026-03-25,2026-03-26T00:00:00+00:00,QTA,Moorings,,[DILKARA DREAMER](/app/fleet/3284),0,743418,0,2026-03-16T22:32:07.307044+00:00,[#743418](/app/tasks/743418),6245,743424,2,2026-03-25T20:36:39.946107+00:00,2313,743419,2,2026-03-25T20:37:12.620330+00:00,0,743422,0,2026-03-16T22:32:07.501599+00:00,0,743423,0,2026-03-16T22:32:07.540525+00:00,0,743420,0,2026-03-16T22:32:07.406086+00:00,0,743421,0,2026-03-16T22:32:07.446156+00:00
68996,2026-03-25,2026-03-26T00:00:00+00:00,QTA,Moorings,,[FATU HIVA](/app/fleet/3749),0,740990,0,2026-03-13T00:32:15.296158+00:00,[#740990](/app/tasks/740990),3497,740996,0,2026-03-19T20:42:07.112031+00:00,2313,740991,2,2026-03-19T20:42:37.112393+00:00,0,740994,0,2026-03-13T00:32:15.498036+00:00,0,740995,0,2026-03-13T00:32:15.538623+00:00,0,740993,0,2026-03-13T00:32:15.439668+00:00,6269,740992,2,2026-03-19T20:42:22.746302+00:00
68997,2026-03-25,2026-03-26T00:00:00+00:00,QTA,Moorings,,[Glad 2B Here 2](/app/fleet/4197),0,740997,0,2026-03-13T00:32:21.346158+00:00,[#740997](/app/tasks/740997),6186,741003,0,2026-03-21T20:16:36.566881+00:00,6186,740998,0,2026-03-21T20:16:22.631593+00:00,0,741001,0,2026-03-13T00:32:21.598242+00:00,0,741002,0,2026-03-13T00:32:21.641769+00:00,0,740999,0,2026-03-13T00:32:21.486950+00:00,2292,741000,0,2026-03-21T20:16:05.851420+00:00
68998,2026-03-25,2026-03-26T00:00:00+00:00,QTA,Moorings,,[HONKY TONK WOMAN](/app/fleet/3647),0,741004,0,2026-03-13T00:32:27.099304+00:00,[#741004](/app/tasks/741004),4762,741010,2,2026-03-23T18:57:34.192117+00:00,2286,741005,2,2026-03-23T18:59:00.654815+00:00,0,741008,0,2026-03-13T00:32:27.352455+00:00,0,741009,0,2026-03-13T00:32:27.401759+00:00,0,741006,0,2026-03-13T00:32:27.251604+00:00,4901,741007,0,2026-03-23T18:58:00.883141+00:00
68999,2026-03-25,2026-03-26T00:00:00+00:00,QTA,Moorings,,[ILES ET AILES](/app/fleet/2513),0,741011,0,2026-03-13T00:32:28.299726+00:00,[#741011](/app/tasks/741011),6245,741017,2,2026-03-21T19:53:01.059442+00:00,2286,741012,2,2026-03-21T19:53:52.676466+00:00,0,741015,0,2026-03-13T00:32:28.546962+00:00,0,741016,0,2026-03-13T00:32:28.596816+00:00,0,741013,0,2026-03-13T00:32:28.437040+00:00,2279,741014,0,2026-03-21T19:54:45.373140+00:00
69000,2026-03-25,2026-03-26T00:00:00+00:00,QTA,Moorings,,[JUST COOL](/app/fleet/3336),0,741018,0,2026-03-13T00:32:32.044088+00:00,[#741018](/app/tasks/741018),4762,741024,2,2026-03-24T18:06:56.853340+00:00,2313,741019,2,2026-03-24T18:07:30.577812+00:00,0,741022,0,2026-03-13T00:32:32.290135+00:00,0,741023,0,2026-03-13T00:32:32.335504+00:00,0,741020,0,2026-03-13T00:32:32.150798+00:00,2302,741021,0,2026-03-24T18:07:13.301597+00:00
69001,2026-03-25,2026-03-26T00:00:00+00:00,QTA,Moorings,,[NAUTI BUT NICE](/app/fleet/1702),0,741025,0,2026-03-13T00:32:49.641806+00:00,[#741025](/app/tasks/741025),0,741031,0,2026-03-25T22:06:17.801347+00:00,0,741026,0,2026-03-13T00:32:49.696692+00:00,0,741029,0,2026-03-13T00:32:49.854365+00:00,0,741030,0,2026-03-13T00:32:49.903014+00:00,0,741027,0,2026-03-13T00:32:49.749949+00:00,0,741028,0,2026-03-13T00:32:49.806325+00:00
69002,2026-03-25,2026-03-26T00:00:00+00:00,QTA,Moorings,,[NAUTI DAWG](/app/fleet/3237),0,741032,0,2026-03-13T00:32:50.161800+00:00,[#741032](/app/tasks/741032),0,741038,0,2026-03-13T00:32:50.457468+00:00,0,741033,0,2026-03-13T00:32:50.231563+00:00,0,741036,0,2026-03-13T00:32:50.394865+00:00,0,741037,0,2026-03-13T00:32:50.436431+00:00,0,741034,0,2026-03-13T00:32:50.289545+00:00,0,741035,0,2026-03-13T00:32:50.345004+00:00
69003,2026-03-25,2026-03-26T00:00:00+00:00,QTA,Moorings,,[NEVER SAY NEVER 2](/app/fleet/3645),0,741039,0,2026-03-13T00:32:52.392675+00:00,[#741039](/app/tasks/741039),0,741045,0,2026-03-13T00:32:52.733605+00:00,0,741040,0,2026-03-13T00:32:52.440032+00:00,0,741043,0,2026-03-13T00:32:52.636866+00:00,0,741044,0,2026-03-13T00:32:52.690096+00:00,0,741041,0,2026-03-13T00:32:52.502059+00:00,0,741042,0,2026-03-13T00:32:52.591705+00:00
69004,2026-03-25,2026-03-26T00:00:00+00:00,QTA,Moorings,,[ORYX](/app/fleet/1760),0,741046,0,2026-03-13T00:32:55.731745+00:00,[#741046](/app/tasks/741046),0,741052,0,2026-03-13T00:32:56.047286+00:00,0,741047,0,2026-03-13T00:32:55.757652+00:00,0,741050,0,2026-03-13T00:32:55.950085+00:00,0,741051,0,2026-03-13T00:32:55.999570+00:00,0,741048,0,2026-03-13T00:32:55.841165+00:00,0,741049,0,2026-03-13T00:32:55.891033+00:00
69005,2026-03-25,2026-03-26T00:00:00+00:00,QTA,Moorings,,[SALTY JAMS](/app/fleet/3838),0,741053,0,2026-03-13T00:33:03.297378+00:00,[#741053](/app/tasks/741053),2285,741059,0,2026-03-21T20:31:42.256615+00:00,2285,741054,0,2026-03-21T20:32:13.168224+00:00,0,741057,0,2026-03-13T00:33:03.541512+00:00,0,741058,0,2026-03-13T00:33:03.591747+00:00,0,741055,0,2026-03-13T00:33:03.435952+00:00,6268,741056,2,2026-03-21T20:31:59.007908+00:00
69006,2026-03-25,2026-03-26T00:00:00+00:00,QTA,Moorings,,[SANDY FEET](/app/fleet/2503),0,741060,0,2026-03-13T00:33:04.554391+00:00,[#741060](/app/tasks/741060),6204,741066,2,2026-03-20T20:31:15.975523+00:00,2286,741061,2,2026-03-20T20:31:49.164396+00:00,0,741064,0,2026-03-13T00:33:04.744007+00:00,0,741065,0,2026-03-13T00:33:04.796296+00:00,0,741062,0,2026-03-13T00:33:04.657976+00:00,2302,741063,0,2026-03-20T20:31:31.457170+00:00
69007,2026-03-25,2026-03-26T00:00:00+00:00,QTA,Moorings,,[SEA SPIRIT](/app/fleet/3234),0,741067,0,2026-03-13T00:33:10.134150+00:00,[#741067](/app/tasks/741067),6204,741073,2,2026-03-22T19:07:44.828268+00:00,2286,741068,2,2026-03-22T19:08:09.289577+00:00,0,741071,0,2026-03-13T00:33:10.386952+00:00,0,741072,0,2026-03-13T00:33:10.435964+00:00,0,741069,0,2026-03-13T00:33:10.250886+00:00,6204,741070,1,2026-03-22T19:08:49.690500+00:00
69008,2026-03-25,2026-03-26T00:00:00+00:00,QTA,Moorings,,[SEA SWEET II](/app/fleet/3223),0,741074,0,2026-03-13T00:33:11.844332+00:00,[#741074](/app/tasks/741074),2285,741080,0,2026-03-21T20:23:43.234810+00:00,2285,741075,0,2026-03-21T20:24:25.580196+00:00,0,741078,0,2026-03-13T00:33:12.090559+00:00,0,741079,0,2026-03-13T00:33:12.135199+00:00,0,741076,0,2026-03-13T00:33:11.951296+00:00,6268,741077,2,2026-03-21T20:23:57.218969+00:00
69009,2026-03-25,2026-03-26T00:00:00+00:00,QTA,Moorings,,[SHIPYOUKNOT](/app/fleet/3150),0,741081,0,2026-03-13T00:33:16.512732+00:00,[#741081](/app/tasks/741081),6204,741087,2,2026-03-23T19:03:30.499823+00:00,6183,741082,2,2026-03-21T19:57:37.751607+00:00,0,741085,0,2026-03-13T00:33:16.744439+00:00,0,741086,0,2026-03-13T00:33:16.795317+00:00,0,741083,0,2026-03-13T00:33:16.641633+00:00,2279,741084,0,2026-03-21T19:57:18.487267+00:00
69032,2026-03-25,2026-03-26T00:00:00+00:00,1-N,Moorings,,[Blueberry](/app/fleet/4185),0,741476,0,2026-03-14T00:32:15.753961+00:00,[#741476](/app/tasks/741476),0,741482,0,2026-03-14T00:32:16.057187+00:00,0,741477,0,2026-03-14T00:32:15.840319+00:00,0,741480,0,2026-03-14T00:32:15.964303+00:00,0,741481,0,2026-03-14T00:32:16.029361+00:00,0,741478,0,2026-03-14T00:32:15.865690+00:00,0,741479,0,2026-03-14T00:32:15.945514+00:00
69033,2026-03-25,2026-03-26T00:00:00+00:00,1-N,Moorings,,[BREAKAWAY](/app/fleet/3350),0,741483,0,2026-03-14T00:32:17.840341+00:00,[#741483](/app/tasks/741483),6204,741489,2,2026-03-22T19:01:05.213441+00:00,2313,741484,2,2026-03-21T19:46:51.711119+00:00,0,741487,0,2026-03-14T00:32:17.979864+00:00,0,741488,0,2026-03-14T00:32:18.043942+00:00,0,741485,0,2026-03-14T00:32:17.945593+00:00,2302,741486,0,2026-03-21T19:46:37.050176+00:00
69036,2026-03-25,2026-03-26T00:00:00+00:00,1-N,Moorings,,[EVENT HORIZON III](/app/fleet/3281),0,741504,0,2026-03-14T00:32:32.864210+00:00,[#741504](/app/tasks/741504),3497,741510,0,2026-03-22T19:00:24.829554+00:00,2286,741505,2,2026-03-21T19:48:24.012384+00:00,0,741508,0,2026-03-14T00:32:33.142023+00:00,0,741509,0,2026-03-14T00:32:33.160581+00:00,0,741506,0,2026-03-14T00:32:32.973459+00:00,4901,741507,0,2026-03-21T19:48:10.647976+00:00
69037,2026-03-25,2026-03-26T00:00:00+00:00,1-N,Moorings,,[KNOT WORKING](/app/fleet/1996),0,741511,0,2026-03-14T00:32:55.529254+00:00,[#741511](/app/tasks/741511),0,741517,0,2026-03-14T00:32:55.937475+00:00,0,741512,0,2026-03-14T00:32:55.560608+00:00,0,741515,0,2026-03-14T00:32:55.834514+00:00,0,741516,0,2026-03-14T00:32:55.858105+00:00,0,741513,0,2026-03-14T00:32:55.669482+00:00,0,741514,0,2026-03-14T00:32:55.745184+00:00
69039,2026-03-25,2026-03-26T00:00:00+00:00,1-N,Moorings,,[Lucky Lady](/app/fleet/2527),0,741525,0,2026-03-14T00:33:01.947304+00:00,[#741525](/app/tasks/741525),0,741531,0,2026-03-14T00:33:02.262861+00:00,0,741526,0,2026-03-14T00:33:01.974198+00:00,0,741529,0,2026-03-14T00:33:02.169724+00:00,0,741530,0,2026-03-14T00:33:02.245073+00:00,0,741527,0,2026-03-14T00:33:02.059804+00:00,0,741528,0,2026-03-14T00:33:02.151280+00:00
69040,2026-03-25,2026-03-26T00:00:00+00:00,1-N,Moorings,,[MANGO TANGO](/app/fleet/2516),0,741532,0,2026-03-14T00:33:04.376109+00:00,[#741532](/app/tasks/741532),4762,741538,0,2026-03-24T18:08:21.049156+00:00,2313,741533,2,2026-03-24T18:08:47.370351+00:00,0,741536,0,2026-03-14T00:33:04.650648+00:00,0,741537,0,2026-03-14T00:33:04.672334+00:00,0,741534,0,2026-03-14T00:33:04.540089+00:00,2267,741535,0,2026-03-24T18:08:34.720789+00:00
69042,2026-03-25,2026-03-26T00:00:00+00:00,1-N,Moorings,,[NOMADA CARIBENA](/app/fleet/1755),0,741546,0,2026-03-14T00:33:18.246957+00:00,[#741546](/app/tasks/741546),6245,741552,0,2026-03-24T18:10:25.766633+00:00,6183,741547,0,2026-03-24T18:10:41.119222+00:00,0,741550,0,2026-03-14T00:33:18.464200+00:00,0,741551,0,2026-03-14T00:33:18.529386+00:00,0,741548,0,2026-03-14T00:33:18.359969+00:00,0,741549,0,2026-03-14T00:33:18.430857+00:00
69043,2026-03-25,2026-03-26T00:00:00+00:00,1-N,Moorings,,[Sea Senora](/app/fleet/4188),0,741553,0,2026-03-14T00:33:32.658806+00:00,[#741553](/app/tasks/741553),0,741559,0,2026-03-14T00:33:32.972048+00:00,0,741554,0,2026-03-14T00:33:32.741781+00:00,0,741557,0,2026-03-14T00:33:32.877699+00:00,0,741558,0,2026-03-14T00:33:32.953959+00:00,0,741555,0,2026-03-14T00:33:32.768795+00:00,0,741556,0,2026-03-14T00:33:32.854903+00:00
69192,2026-03-25,2026-03-26T00:00:00+00:00,1-N,Moorings,,[SOULY SAILING *](/app/fleet/1703),0,743007,0,2026-03-16T13:34:10.821733+00:00,[#743007](/app/tasks/743007),6204,743013,2,2026-03-22T19:03:33.156118+00:00,6172,743008,2,2026-03-21T19:58:35.352501+00:00,0,743011,0,2026-03-16T13:34:11.098819+00:00,0,743012,0,2026-03-16T13:34:11.129754+00:00,0,743009,0,2026-03-16T13:34:10.934338+00:00,0,743010,0,2026-03-16T13:34:10.997455+00:00
69044,2026-03-25,2026-03-26T00:00:00+00:00,1-N,Moorings,,[SECOND WIND](/app/fleet/1756),0,741560,0,2026-03-14T00:33:35.449419+00:00,[#741560](/app/tasks/741560),4762,741566,0,2026-03-24T18:11:11.726076+00:00,2313,741561,0,2026-03-24T18:11:47.082323+00:00,0,741564,0,2026-03-14T00:33:35.648718+00:00,0,741565,0,2026-03-14T00:33:35.663990+00:00,0,741562,0,2026-03-14T00:33:35.552160+00:00,2302,741563,0,2026-03-24T18:11:30.539245+00:00
69089,2026-03-25,2026-03-26T00:00:00+00:00,2,Sunsail,,[AMELIA GRACE](/app/fleet/1663),0,742046,0,2026-03-15T00:32:43.482847+00:00,[#742046](/app/tasks/742046),3563,742052,0,2026-03-24T18:13:07.367759+00:00,2305,742047,0,2026-03-24T18:13:44.583426+00:00,0,742050,0,2026-03-15T00:32:43.722477+00:00,0,742051,0,2026-03-15T00:32:43.740411+00:00,0,742048,0,2026-03-15T00:32:43.587951+00:00,0,742049,0,2026-03-24T18:13:26.083684+00:00
69090,2026-03-25,2026-03-26T00:00:00+00:00,2,Moorings,,[AMICIS](/app/fleet/2529),0,742053,0,2026-03-15T00:32:44.282775+00:00,[#742053](/app/tasks/742053),6321,742059,0,2026-03-25T22:06:34.987032+00:00,0,742054,0,2026-03-15T00:32:44.337804+00:00,0,742057,0,2026-03-15T00:32:44.530651+00:00,0,742058,0,2026-03-15T00:32:44.550520+00:00,0,742055,0,2026-03-15T00:32:44.420305+00:00,0,742056,0,2026-03-15T00:32:44.451511+00:00
69093,2026-03-25,2026-03-26T00:00:00+00:00,2,Moorings,,[Boat for Sail](/app/fleet/4231),0,742074,0,2026-03-15T00:32:53.955394+00:00,[#742074](/app/tasks/742074),4762,742080,2,2026-03-24T18:01:17.797294+00:00,0,742075,0,2026-03-15T00:32:54.032300+00:00,0,742078,0,2026-03-15T00:32:54.227797+00:00,0,742079,0,2026-03-15T00:32:54.248085+00:00,0,742076,0,2026-03-15T00:32:54.119970+00:00,0,742077,0,2026-03-15T00:32:54.139976+00:00
69540,2026-03-25,2026-03-26T00:00:00+00:00,2,Sunsail,,[CARPE DIEM (NO OWNERS)](/app/fleet/3403),0,748166,0,2026-03-24T19:32:25.622591+00:00,[#748166](/app/tasks/748166),0,748172,0,2026-03-24T19:32:26.009757+00:00,0,748167,0,2026-03-24T19:32:25.708182+00:00,0,748170,0,2026-03-24T19:32:25.910902+00:00,0,748171,0,2026-03-24T19:32:25.987415+00:00,0,748169,0,2026-03-24T19:32:25.813416+00:00,0,748168,0,2026-03-24T19:32:25.776151+00:00
69097,2026-03-25,2026-03-26T00:00:00+00:00,2,Moorings,,[DON'T DO IT](/app/fleet/4242),0,742102,0,2026-03-15T00:33:04.027571+00:00,[#742102](/app/tasks/742102),6186,742108,0,2026-03-22T20:31:39.473784+00:00,6186,742103,0,2026-03-22T20:32:17.204927+00:00,0,742106,0,2026-03-15T00:33:04.243789+00:00,0,742107,0,2026-03-15T00:33:04.287497+00:00,0,742104,0,2026-03-15T00:33:04.137246+00:00,6239,742105,2,2026-03-22T20:31:59.556796+00:00
69100,2026-03-25,2026-03-26T00:00:00+00:00,2,Moorings,,[FAN SEA](/app/fleet/3705),0,742123,0,2026-03-15T00:33:10.853787+00:00,[#742123](/app/tasks/742123),0,742129,0,2026-03-15T00:33:11.185495+00:00,0,742124,0,2026-03-15T00:33:10.929070+00:00,0,742127,0,2026-03-15T00:33:11.123031+00:00,0,742128,0,2026-03-15T00:33:11.142494+00:00,0,742125,0,2026-03-15T00:33:10.987784+00:00,0,742126,0,2026-03-15T00:33:11.038079+00:00
69101,2026-03-25,2026-03-26T00:00:00+00:00,2,Sunsail,,[FLAMBUOYANT (NO OWNERS)](/app/fleet/3789),0,742130,0,2026-03-15T00:33:12.846494+00:00,[#742130](/app/tasks/742130),3563,742136,0,2026-03-24T18:14:18.719698+00:00,2331,742131,2,2026-03-22T18:47:24.202004+00:00,0,742134,0,2026-03-15T00:33:13.093259+00:00,0,742135,0,2026-03-15T00:33:13.137472+00:00,0,742132,0,2026-03-15T00:33:12.985521+00:00,6199,742133,0,2026-03-23T18:38:26.531659+00:00
69103,2026-03-25,2026-03-26T00:00:00+00:00,2,Moorings,,[Forever in Blue Jeans](/app/fleet/4268),0,742144,0,2026-03-15T00:33:14.627477+00:00,[#742144](/app/tasks/742144),0,742150,0,2026-03-15T00:33:14.934377+00:00,0,742145,0,2026-03-15T00:33:14.653022+00:00,0,742148,0,2026-03-15T00:33:14.840055+00:00,0,742149,0,2026-03-15T00:33:14.883479+00:00,0,742146,0,2026-03-15T00:33:14.737871+00:00,0,742147,0,2026-03-15T00:33:14.756936+00:00
69105,2026-03-25,2026-03-26T00:00:00+00:00,2,Moorings,,[GAME DAY](/app/fleet/3615),0,742158,0,2026-03-15T00:33:18.354759+00:00,[#742158](/app/tasks/742158),0,742164,0,2026-03-15T00:33:18.736043+00:00,0,742159,0,2026-03-15T00:33:18.431043+00:00,0,742162,0,2026-03-15T00:33:18.636325+00:00,0,742163,0,2026-03-15T00:33:18.656251+00:00,0,742160,0,2026-03-15T00:33:18.523615+00:00,0,742161,0,2026-03-15T00:33:18.546258+00:00
69106,2026-03-25,2026-03-26T00:00:00+00:00,2,Moorings,,[Happy Place](/app/fleet/4229),0,742165,0,2026-03-15T00:33:23.628260+00:00,[#742165](/app/tasks/742165),3497,742171,0,2026-03-24T18:02:03.722602+00:00,0,742166,0,2026-03-15T00:33:23.686058+00:00,0,742169,0,2026-03-15T00:33:23.885924+00:00,0,742170,0,2026-03-15T00:33:23.931698+00:00,0,742167,0,2026-03-15T00:33:23.753992+00:00,0,742168,0,2026-03-15T00:33:23.824963+00:00
69107,2026-03-25,2026-03-26T00:00:00+00:00,2,Moorings,,[HOPE](/app/fleet/1994),0,742172,0,2026-03-15T00:33:26.227273+00:00,[#742172](/app/tasks/742172),0,742178,0,2026-03-15T00:33:26.523327+00:00,0,742173,0,2026-03-15T00:33:26.254582+00:00,0,742176,0,2026-03-15T00:33:26.429338+00:00,0,742177,0,2026-03-15T00:33:26.450894+00:00,0,742174,0,2026-03-15T00:33:26.335292+00:00,0,742175,0,2026-03-15T00:33:26.351480+00:00
69108,2026-03-25,2026-03-26T00:00:00+00:00,2,Moorings,,[Knot Again](/app/fleet/4204),0,742179,0,2026-03-15T00:33:30.727732+00:00,[#742179](/app/tasks/742179),6245,742185,2,2026-03-24T18:09:22.925628+00:00,6183,742180,2,2026-03-24T18:09:50.606792+00:00,0,742183,0,2026-03-15T00:33:30.933039+00:00,0,742184,0,2026-03-15T00:33:30.951391+00:00,0,742181,0,2026-03-15T00:33:30.830541+00:00,2267,742182,0,2026-03-24T18:09:36.165622+00:00
69109,2026-03-25,2026-03-26T00:00:00+00:00,2,Moorings,,[KNOTS OF FUN](/app/fleet/1997),0,742186,0,2026-03-15T00:33:31.556483+00:00,[#742186](/app/tasks/742186),6204,742192,2,2026-03-23T19:02:20.910063+00:00,2286,742187,2,2026-03-21T19:55:41.507886+00:00,0,742190,0,2026-03-15T00:33:31.824070+00:00,0,742191,0,2026-03-15T00:33:31.840140+00:00,0,742188,0,2026-03-15T00:33:31.691181+00:00,6269,742189,2,2026-03-21T19:55:26.319052+00:00
69110,2026-03-25,2026-03-26T00:00:00+00:00,2,Moorings,,[Laetitia](/app/fleet/4207),0,742193,0,2026-03-15T00:33:33.559968+00:00,[#742193](/app/tasks/742193),6204,742199,2,2026-03-23T18:59:19.030808+00:00,2286,742194,2,2026-03-23T18:59:54.429452+00:00,0,742197,0,2026-03-15T00:33:33.823340+00:00,0,742198,0,2026-03-15T00:33:33.839988+00:00,0,742195,0,2026-03-15T00:33:33.722417+00:00,4901,742196,0,2026-03-23T18:59:36.058492+00:00
69111,2026-03-25,2026-03-26T00:00:00+00:00,2,Moorings,,[LAS CUEVAS (NO OWNERS)](/app/fleet/3835),0,742200,0,2026-03-15T00:33:35.125116+00:00,[#742200](/app/tasks/742200),0,742206,0,2026-03-15T00:33:35.422730+00:00,0,742201,0,2026-03-15T00:33:35.149885+00:00,0,742204,0,2026-03-15T00:33:35.332350+00:00,0,742205,0,2026-03-15T00:33:35.352613+00:00,0,742202,0,2026-03-15T00:33:35.229444+00:00,0,742203,0,2026-03-15T00:33:35.250319+00:00
69112,2026-03-25,2026-03-26T00:00:00+00:00,2,Moorings,,[LIME-N-COCONUT](/app/fleet/2532),0,742207,0,2026-03-15T00:33:37.659486+00:00,[#742207](/app/tasks/742207),0,742213,0,2026-03-15T00:33:38.024680+00:00,0,742208,0,2026-03-15T00:33:37.732149+00:00,0,742211,0,2026-03-15T00:33:37.927751+00:00,0,742212,0,2026-03-15T00:33:37.946677+00:00,0,742209,0,2026-03-15T00:33:37.820264+00:00,0,742210,0,2026-03-15T00:33:37.852775+00:00
69116,2026-03-25,2026-03-26T00:00:00+00:00,2,Moorings,,[NACHO DINGHY](/app/fleet/1758),0,742235,0,2026-03-15T00:33:47.227509+00:00,[#742235](/app/tasks/742235),4762,742241,2,2026-03-23T19:00:15.356858+00:00,6172,742236,2,2026-03-23T19:00:48.360564+00:00,0,742239,0,2026-03-15T00:33:47.448601+00:00,0,742240,0,2026-03-15T00:33:47.522883+00:00,0,742237,0,2026-03-15T00:33:47.338322+00:00,6269,742238,0,2026-03-23T19:00:32.303613+00:00
69118,2026-03-25,2026-03-26T00:00:00+00:00,2,Moorings,,[PIER PRESSURE](/app/fleet/4243),0,742249,0,2026-03-15T00:33:55.255474+00:00,[#742249](/app/tasks/742249),2285,742255,0,2026-03-22T20:37:40.193566+00:00,2285,742250,0,2026-03-22T20:38:15.148321+00:00,0,742253,0,2026-03-15T00:33:55.525035+00:00,0,742254,0,2026-03-15T00:33:55.544030+00:00,0,742251,0,2026-03-15T00:33:55.419655+00:00,2292,742252,0,2026-03-22T20:37:57.685432+00:00
69123,2026-03-25,2026-03-26T00:00:00+00:00,2,Moorings,,[RUM AWAY](/app/fleet/3783),0,742284,0,2026-03-15T00:34:02.241535+00:00,[#742284](/app/tasks/742284),0,742290,0,2026-03-15T00:34:02.591395+00:00,0,742285,0,2026-03-15T00:34:02.322771+00:00,0,742288,0,2026-03-15T00:34:02.494889+00:00,0,742289,0,2026-03-15T00:34:02.536141+00:00,0,742286,0,2026-03-15T00:34:02.385300+00:00,0,742287,0,2026-03-15T00:34:02.439368+00:00
69117,2026-03-25,2026-03-26T00:00:00+00:00,2,Moorings,,[ONDINE](/app/fleet/3349),0,742242,0,2026-03-15T00:33:53.087003+00:00,[#742242](/app/tasks/742242),0,742248,0,2026-03-15T00:33:53.422995+00:00,0,742243,0,2026-03-15T00:33:53.141979+00:00,0,742246,0,2026-03-15T00:33:53.334080+00:00,0,742247,0,2026-03-15T00:33:53.349315+00:00,0,742244,0,2026-03-15T00:33:53.228148+00:00,0,742245,0,2026-03-15T00:33:53.251201+00:00
69122,2026-03-25,2026-03-26T00:00:00+00:00,2,Moorings,,[RAGIN CAJUNS](/app/fleet/4192),0,742277,0,2026-03-15T00:34:00.293397+00:00,[#742277](/app/tasks/742277),2285,742283,0,2026-03-22T20:36:16.197610+00:00,2285,742278,0,2026-03-22T20:36:54.475861+00:00,0,742281,0,2026-03-15T00:34:00.538095+00:00,0,742282,0,2026-03-15T00:34:00.582786+00:00,0,742279,0,2026-03-15T00:34:00.430819+00:00,6239,742280,2,2026-03-22T20:36:36.810657+00:00
69124,2026-03-25,2026-03-26T00:00:00+00:00,2,Sunsail,,[SEA-BATTICAL (NO OWNERS)](/app/fleet/3404),0,742291,0,2026-03-15T00:34:05.154721+00:00,[#742291](/app/tasks/742291),0,742297,0,2026-03-15T00:34:05.491444+00:00,0,742292,0,2026-03-15T00:34:05.223725+00:00,0,742295,0,2026-03-15T00:34:05.420036+00:00,0,742296,0,2026-03-15T00:34:05.443171+00:00,0,742294,0,2026-03-15T00:34:05.298479+00:00,0,742293,0,2026-03-15T00:34:05.243540+00:00
69131,2026-03-25,2026-03-26T00:00:00+00:00,2,Moorings,,[UNSINKABLE 2](/app/fleet/3794),0,742340,0,2026-03-15T00:34:31.588655+00:00,[#742340](/app/tasks/742340),0,742346,0,2026-03-15T00:34:31.893818+00:00,0,742341,0,2026-03-15T00:34:31.623508+00:00,0,742344,0,2026-03-15T00:34:31.806775+00:00,0,742345,0,2026-03-15T00:34:31.832006+00:00,0,742342,0,2026-03-15T00:34:31.702517+00:00,0,742343,0,2026-03-15T00:34:31.732128+00:00
69132,2026-03-25,2026-03-26T00:00:00+00:00,2,Moorings,,[Ushered Aboard](/app/fleet/4274),0,742347,0,2026-03-15T00:34:32.423098+00:00,[#742347](/app/tasks/742347),0,742353,0,2026-03-15T00:34:32.799270+00:00,0,742348,0,2026-03-15T00:34:32.496881+00:00,0,742351,0,2026-03-15T00:34:32.701700+00:00,0,742352,0,2026-03-15T00:34:32.732223+00:00,0,742349,0,2026-03-15T00:34:32.591183+00:00,0,742350,0,2026-03-15T00:34:32.622791+00:00
69134,2026-03-25,2026-03-26T00:00:00+00:00,2,Moorings,,[WILD IRISH ROSE V](/app/fleet/3696),0,742361,0,2026-03-15T00:34:38.895868+00:00,[#742361](/app/tasks/742361),0,742367,0,2026-03-15T00:34:39.187425+00:00,0,742362,0,2026-03-15T00:34:38.928228+00:00,0,742365,0,2026-03-15T00:34:39.100370+00:00,0,742366,0,2026-03-15T00:34:39.130303+00:00,0,742363,0,2026-03-15T00:34:38.996481+00:00,0,742364,0,2026-03-15T00:34:39.032101+00:00
69174,2026-03-25,2026-03-26T00:00:00+00:00,3,Moorings,,[KOKAMO](/app/fleet/3708),0,742782,0,2026-03-16T00:33:21.191207+00:00,[#742782](/app/tasks/742782),0,742788,0,2026-03-16T00:33:21.400320+00:00,0,742783,0,2026-03-16T00:33:21.213655+00:00,0,742786,0,2026-03-16T00:33:21.341780+00:00,0,742787,0,2026-03-16T00:33:21.385319+00:00,0,742784,0,2026-03-16T00:33:21.254692+00:00,0,742785,0,2026-03-16T00:33:21.297367+00:00
69175,2026-03-25,2026-03-26T00:00:00+00:00,3,Moorings,,[Layover](/app/fleet/4344),0,742789,0,2026-03-16T00:33:22.638957+00:00,[#742789](/app/tasks/742789),0,742795,0,2026-03-16T00:33:22.934923+00:00,0,742790,0,2026-03-16T00:33:22.697667+00:00,0,742793,0,2026-03-16T00:33:22.845170+00:00,0,742794,0,2026-03-16T00:33:22.894571+00:00,0,742792,0,2026-03-16T00:33:22.788384+00:00,0,742791,0,2026-03-16T00:33:22.735817+00:00
69177,2026-03-25,2026-03-26T00:00:00+00:00,3,Moorings,,[NAUTI DOG](/app/fleet/3793),0,742803,0,2026-03-16T00:33:35.588796+00:00,[#742803](/app/tasks/742803),3497,742809,0,2026-03-23T19:01:50.961582+00:00,2313,742804,2,2026-03-21T19:56:32.269245+00:00,0,742807,0,2026-03-16T00:33:35.803937+00:00,0,742808,0,2026-03-16T00:33:35.884468+00:00,0,742805,0,2026-03-16T00:33:35.698196+00:00,0,742806,0,2026-03-16T00:33:35.743937+00:00
69183,2026-03-25,2026-03-26T00:00:00+00:00,3,Moorings,,[SEA GAL](/app/fleet/3151),0,742845,0,2026-03-16T00:33:52.255070+00:00,[#742845](/app/tasks/742845),0,742851,0,2026-03-16T00:33:52.606483+00:00,0,742846,0,2026-03-16T00:33:52.334169+00:00,0,742849,0,2026-03-16T00:33:52.506803+00:00,0,742850,0,2026-03-16T00:33:52.585237+00:00,0,742847,0,2026-03-16T00:33:52.391358+00:00,0,742848,0,2026-03-16T00:33:52.436710+00:00
69186,2026-03-25,2026-03-26T00:00:00+00:00,3,Moorings,,[STARSHIP](/app/fleet/3413),0,742866,0,2026-03-16T00:34:07.010744+00:00,[#742866](/app/tasks/742866),0,742872,0,2026-03-16T00:34:07.336737+00:00,0,742867,0,2026-03-16T00:34:07.081475+00:00,0,742870,0,2026-03-16T00:34:07.243051+00:00,0,742871,0,2026-03-16T00:34:07.299178+00:00,0,742869,0,2026-03-16T00:34:07.147940+00:00,0,742868,0,2026-03-16T00:34:07.103287+00:00
69188,2026-03-25,2026-03-26T00:00:00+00:00,3,Moorings,,[TOMICHI DRIFT](/app/fleet/3787),0,742880,0,2026-03-16T00:34:15.592511+00:00,[#742880](/app/tasks/742880),0,742886,0,2026-03-16T00:34:15.957944+00:00,0,742881,0,2026-03-16T00:34:15.652901+00:00,0,742884,0,2026-03-16T00:34:15.884556+00:00,0,742885,0,2026-03-16T00:34:15.935480+00:00,0,742882,0,2026-03-16T00:34:15.749262+00:00,0,742883,0,2026-03-16T00:34:15.836477+00:00
69189,2026-03-25,2026-03-26T00:00:00+00:00,3,Moorings,,[WAYMAKER](/app/fleet/3232),0,742887,0,2026-03-16T00:34:22.057819+00:00,[#742887](/app/tasks/742887),3497,742893,0,2026-03-22T19:04:41.255378+00:00,2286,742888,2,2026-03-22T19:05:12.559043+00:00,0,742891,0,2026-03-16T00:34:22.297130+00:00,0,742892,0,2026-03-16T00:34:22.344364+00:00,0,742889,0,2026-03-16T00:34:22.191174+00:00,6269,742890,2,2026-03-22T19:04:56.350879+00:00
69190,2026-03-25,2026-03-26T00:00:00+00:00,3,Moorings,,[WHY KNOT](/app/fleet/1757),0,742894,0,2026-03-16T00:34:23.892910+00:00,[#742894](/app/tasks/742894),4762,742900,2,2026-03-23T19:01:09.534949+00:00,2286,742895,2,2026-03-23T19:01:24.779154+00:00,0,742898,0,2026-03-16T00:34:24.134890+00:00,0,742899,0,2026-03-16T00:34:24.181559+00:00,0,742896,0,2026-03-16T00:34:23.999624+00:00,0,742897,0,2026-03-16T00:34:24.049667+00:00
69494,2026-03-25,2026-03-26T00:00:00+00:00,6,Moorings,,[TURBO LOVER II](/app/fleet/3302),0,747546,0,2026-03-23T14:33:45.285482+00:00,[#747546](/app/tasks/747546),0,747552,0,2026-03-23T14:33:45.614262+00:00,0,747547,0,2026-03-23T14:33:45.327377+00:00,0,747550,0,2026-03-23T14:33:45.551230+00:00,0,747551,0,2026-03-23T14:33:45.593363+00:00,0,747548,0,2026-03-23T14:33:45.404481+00:00,0,747549,0,2026-03-23T14:33:45.493968+00:00
69295,2026-03-25,2026-03-26T00:00:00+00:00,7,Sunsail,,[Crescendo](/app/fleet/4164),0,744705,0,2026-03-20T00:32:28.782867+00:00,[#744705](/app/tasks/744705),0,744711,0,2026-03-23T18:45:18.929032+00:00,2331,744706,1,2026-03-23T18:44:38.777615+00:00,0,744709,0,2026-03-20T00:32:29.011814+00:00,0,744710,0,2026-03-20T00:32:29.083575+00:00,0,744707,0,2026-03-20T00:32:28.901589+00:00,6199,744708,0,2026-03-23T18:45:07.453818+00:00
69409,2026-03-25,2026-03-26T00:00:00+00:00,9,Moorings,,[HARBOR HOUSE OUT](/app/fleet/2493),0,746645,0,2026-03-22T00:34:13.668848+00:00,[#746645](/app/tasks/746645),0,746651,0,2026-03-22T00:34:13.996417+00:00,0,746646,0,2026-03-22T00:34:13.736462+00:00,0,746649,0,2026-03-22T00:34:13.902044+00:00,0,746650,0,2026-03-22T00:34:13.952744+00:00,0,746648,0,2026-03-22T00:34:13.836374+00:00,0,746647,0,2026-03-22T00:34:13.759076+00:00
69413,2026-03-25,2026-03-26T00:00:00+00:00,9,Moorings,,[KNOTTY TODDY](/app/fleet/2517),0,746673,0,2026-03-22T00:34:21.566383+00:00,[#746673](/app/tasks/746673),0,746679,0,2026-03-22T00:34:21.900664+00:00,0,746674,0,2026-03-22T00:34:21.635876+00:00,0,746677,0,2026-03-22T00:34:21.804724+00:00,0,746678,0,2026-03-22T00:34:21.851111+00:00,0,746675,0,2026-03-22T00:34:21.694691+00:00,0,746676,0,2026-03-22T00:34:21.738962+00:00
69415,2026-03-25,2026-03-26T00:00:00+00:00,9,Moorings,,[LIQUIDITY EVENT](/app/fleet/3221),0,746687,0,2026-03-22T00:34:28.158670+00:00,[#746687](/app/tasks/746687),0,746693,0,2026-03-22T00:34:28.540464+00:00,0,746688,0,2026-03-22T00:34:28.242553+00:00,0,746691,0,2026-03-22T00:34:28.444721+00:00,0,746692,0,2026-03-22T00:34:28.487427+00:00,0,746689,0,2026-03-22T00:34:28.302039+00:00,0,746690,0,2026-03-22T00:34:28.396135+00:00
69420,2026-03-25,2026-03-26T00:00:00+00:00,9,Moorings,,[ORACLE](/app/fleet/4199),0,746722,0,2026-03-22T00:34:43.495155+00:00,[#746722](/app/tasks/746722),0,746728,0,2026-03-22T00:34:43.797968+00:00,0,746723,0,2026-03-22T00:34:43.547959+00:00,0,746726,0,2026-03-22T00:34:43.746597+00:00,0,746727,0,2026-03-22T00:34:43.764090+00:00,0,746724,0,2026-03-22T00:34:43.600724+00:00,0,746725,0,2026-03-22T00:34:43.662011+00:00
69466,2026-03-25,2026-03-26T00:00:00+00:00,10,Moorings,,[BIRD OF PARADISE (NO OWN)](/app/fleet/3785),0,747224,0,2026-03-23T00:32:39.287168+00:00,[#747224](/app/tasks/747224),0,747230,0,2026-03-23T00:32:39.684895+00:00,0,747225,0,2026-03-23T00:32:39.335868+00:00,0,747228,0,2026-03-23T00:32:39.582911+00:00,0,747229,0,2026-03-23T00:32:39.624193+00:00,0,747226,0,2026-03-23T00:32:39.427880+00:00,0,747227,0,2026-03-23T00:32:39.523386+00:00
69308,2026-03-26,2026-03-26T04:24:00+00:00,1-N,Moorings,,[BELOVE](/app/fleet/4166),0,745629,0,2026-03-20T15:32:04.300818+00:00,[#745629](/app/tasks/745629),6204,745635,0,2026-03-25T20:35:30.508076+00:00,6183,745630,2,2026-03-25T20:36:04.297348+00:00,0,745633,0,2026-03-20T15:32:04.606476+00:00,0,745634,0,2026-03-20T15:32:04.686216+00:00,0,745631,0,2026-03-20T15:32:04.492809+00:00,2267,745632,0,2026-03-25T20:35:49.234557+00:00
69041,2026-03-26,2026-03-26T04:24:00+00:00,1-E,Sunsail,,[NEWTON'S LAW](/app/fleet/1665),0,741539,0,2026-03-14T00:33:15.975765+00:00,[#741539](/app/tasks/741539),3563,741545,0,2026-03-25T17:30:54.861777+00:00,2331,741540,2,2026-03-22T18:49:08.006026+00:00,0,741543,0,2026-03-14T00:33:16.272860+00:00,0,741544,0,2026-03-14T00:33:16.347333+00:00,0,741541,0,2026-03-14T00:33:16.152669+00:00,6238,741542,0,2026-03-22T18:48:53.546493+00:00
69031,2026-03-26,2026-03-27T00:00:00+00:00,QTA,Moorings,,[Bella Vita](/app/fleet/4190),0,741469,0,2026-03-14T00:32:14.067593+00:00,[#741469](/app/tasks/741469),6321,741475,0,2026-03-25T19:43:52.409645+00:00,6186,741470,0,2026-03-25T19:44:20.073433+00:00,0,741473,0,2026-03-14T00:32:14.338907+00:00,0,741474,0,2026-03-14T00:32:14.357620+00:00,0,741471,0,2026-03-14T00:32:14.228806+00:00,6268,741472,0,2026-03-25T19:44:07.719385+00:00
69035,2026-03-26,2026-03-27T00:00:00+00:00,QTA,Moorings,,[EPHINAE III](/app/fleet/3842),0,741497,0,2026-03-14T00:32:31.244039+00:00,[#741497](/app/tasks/741497),0,741503,0,2026-03-14T00:32:31.566162+00:00,0,741498,0,2026-03-14T00:32:31.276789+00:00,0,741501,0,2026-03-14T00:32:31.475317+00:00,0,741502,0,2026-03-14T00:32:31.544288+00:00,0,741499,0,2026-03-14T00:32:31.369651+00:00,0,741500,0,2026-03-14T00:32:31.446333+00:00
69046,2026-03-26,2026-03-27T00:00:00+00:00,QTA,Sunsail,,[WHITE OAK](/app/fleet/3752),0,741574,0,2026-03-14T00:34:01.151314+00:00,[#741574](/app/tasks/741574),3563,741580,0,2026-03-25T17:29:59.836267+00:00,2305,741575,0,2026-03-25T17:30:32.075250+00:00,0,741578,0,2026-03-14T00:34:01.365517+00:00,0,741579,0,2026-03-14T00:34:01.447893+00:00,0,741577,0,2026-03-14T00:34:01.275113+00:00,0,741576,0,2026-03-25T17:30:14.057429+00:00
69048,2026-03-26,2026-03-27T00:00:00+00:00,QTA,Sunsail,,[Zai Jian](/app/fleet/4218),0,741588,0,2026-03-14T00:34:04.972992+00:00,[#741588](/app/tasks/741588),3563,741594,0,2026-03-24T18:15:24.831896+00:00,2305,741589,0,2026-03-24T18:15:43.834220+00:00,0,741592,0,2026-03-14T00:34:05.268192+00:00,0,741593,0,2026-03-14T00:34:05.348556+00:00,0,741590,0,2026-03-14T00:34:05.151752+00:00,0,741591,0,2026-03-14T00:34:05.177212+00:00
69283,2026-03-26,2026-03-27T00:00:00+00:00,QTA,Moorings,,[SOUL MATES II](/app/fleet/1815),0,744602,0,2026-03-19T21:32:59.144750+00:00,[#744602](/app/tasks/744602),0,744608,0,2026-03-19T21:32:59.505723+00:00,0,744603,0,2026-03-19T21:32:59.215674+00:00,0,744606,0,2026-03-19T21:32:59.414851+00:00,0,744607,0,2026-03-19T21:32:59.437763+00:00,0,744604,0,2026-03-19T21:32:59.302319+00:00,0,744605,0,2026-03-19T21:32:59.336203+00:00
69092,2026-03-26,2026-03-27T00:00:00+00:00,1-N,Moorings,,[BLUE INGWE](/app/fleet/3296),0,742067,0,2026-03-15T00:32:53.141399+00:00,[#742067](/app/tasks/742067),6245,742073,0,2026-03-25T20:32:51.951472+00:00,0,742068,0,2026-03-15T00:32:53.183456+00:00,0,742071,0,2026-03-15T00:32:53.336594+00:00,0,742072,0,2026-03-15T00:32:53.383363+00:00,0,742069,0,2026-03-15T00:32:53.237598+00:00,2302,742070,0,2026-03-25T20:33:06.872428+00:00
69094,2026-03-26,2026-03-27T00:00:00+00:00,1-N,Moorings,,[BROKEN ARROW](/app/fleet/3305),0,742081,0,2026-03-15T00:32:56.840703+00:00,[#742081](/app/tasks/742081),6321,742087,0,2026-03-25T19:46:25.028754+00:00,0,742082,0,2026-03-25T19:46:55.592021+00:00,0,742085,0,2026-03-15T00:32:57.087535+00:00,0,742086,0,2026-03-15T00:32:57.135313+00:00,0,742083,0,2026-03-15T00:32:56.951877+00:00,6268,742084,0,2026-03-25T19:46:40.077338+00:00
69102,2026-03-26,2026-03-27T00:00:00+00:00,1-N,Moorings,,[FLIP FLOP](/app/fleet/3610),0,742137,0,2026-03-15T00:33:13.732142+00:00,[#742137](/app/tasks/742137),6321,742143,0,2026-03-25T19:45:05.527763+00:00,6186,742138,0,2026-03-25T19:45:38.620159+00:00,0,742141,0,2026-03-15T00:33:13.956085+00:00,0,742142,0,2026-03-15T00:33:14.028109+00:00,0,742139,0,2026-03-15T00:33:13.848065+00:00,6268,742140,0,2026-03-25T19:45:21.542240+00:00
69104,2026-03-26,2026-03-27T00:00:00+00:00,1-N,Moorings,,[FOR OBVIOUS REASONS](/app/fleet/3345),0,742151,0,2026-03-15T00:33:15.443339+00:00,[#742151](/app/tasks/742151),6245,742157,0,2026-03-25T20:37:45.710803+00:00,2313,742152,1,2026-03-25T20:38:01.060197+00:00,0,742155,0,2026-03-15T00:33:15.689582+00:00,0,742156,0,2026-03-15T00:33:15.732340+00:00,0,742153,0,2026-03-15T00:33:15.549390+00:00,0,742154,0,2026-03-15T00:33:15.628118+00:00
69565,2026-03-26,2026-03-27T00:00:00+00:00,1-N,Moorings,,[LIBERTE](/app/fleet/3773),0,748490,0,2026-03-25T18:33:19.332315+00:00,[#748490](/app/tasks/748490),4762,748496,0,2026-03-25T20:41:48.025948+00:00,0,748491,0,2026-03-25T18:33:19.412533+00:00,0,748494,0,2026-03-25T18:33:19.613177+00:00,0,748495,0,2026-03-25T18:33:19.633917+00:00,0,748492,0,2026-03-25T18:33:19.445087+00:00,2302,748493,0,2026-03-25T20:42:02.760676+00:00
69115,2026-03-26,2026-03-27T00:00:00+00:00,1-N,Moorings,,[MISTLETOE (NO OWNERS)](/app/fleet/4201),0,742228,0,2026-03-15T00:33:45.423070+00:00,[#742228](/app/tasks/742228),0,742234,0,2026-03-15T00:33:45.691238+00:00,0,742229,0,2026-03-15T00:33:45.450619+00:00,0,742232,0,2026-03-15T00:33:45.627676+00:00,0,742233,0,2026-03-15T00:33:45.646557+00:00,0,742230,0,2026-03-15T00:33:45.528920+00:00,0,742231,0,2026-03-15T00:33:45.555856+00:00
69120,2026-03-26,2026-03-27T00:00:00+00:00,1-N,Moorings,,[PORTO FELIZ](/app/fleet/3346),0,742263,0,2026-03-15T00:33:58.183317+00:00,[#742263](/app/tasks/742263),6204,742269,0,2026-03-25T20:45:12.434765+00:00,6183,742264,0,2026-03-25T20:45:28.774011+00:00,0,742267,0,2026-03-15T00:33:58.419730+00:00,0,742268,0,2026-03-15T00:33:58.439888+00:00,0,742265,0,2026-03-15T00:33:58.293179+00:00,0,742266,0,2026-03-15T00:33:58.339254+00:00
69133,2026-03-26,2026-03-27T00:00:00+00:00,1-N,Moorings,,[VAMOS](/app/fleet/3295),0,742354,0,2026-03-15T00:34:33.041690+00:00,[#742354](/app/tasks/742354),6204,742360,0,2026-03-25T20:43:45.919076+00:00,2313,742355,0,2026-03-25T20:44:14.459229+00:00,0,742358,0,2026-03-15T00:34:33.325141+00:00,0,742359,0,2026-03-15T00:34:33.387417+00:00,0,742356,0,2026-03-15T00:34:33.203240+00:00,2302,742357,0,2026-03-25T20:44:00.854880+00:00
69171,2026-03-26,2026-03-27T00:00:00+00:00,2,Moorings,,[GOD BLESS TEXAS](/app/fleet/3417),0,742761,0,2026-03-16T00:33:10.781568+00:00,[#742761](/app/tasks/742761),0,742767,0,2026-03-16T00:33:11.085990+00:00,0,742762,0,2026-03-16T00:33:10.808272+00:00,0,742765,0,2026-03-16T00:33:10.993516+00:00,0,742766,0,2026-03-16T00:33:11.034491+00:00,0,742764,0,2026-03-16T00:33:10.891172+00:00,0,742763,0,2026-03-16T00:33:10.846886+00:00
69091,2026-03-27,2026-03-28T00:00:00+00:00,QTA,Sunsail,,[BELLATRIX](/app/fleet/3651),0,742060,0,2026-03-15T00:32:50.123512+00:00,[#742060](/app/tasks/742060),0,742066,0,2026-03-15T00:32:50.387816+00:00,0,742061,0,2026-03-15T00:32:50.150322+00:00,0,742064,0,2026-03-15T00:32:50.329067+00:00,0,742065,0,2026-03-15T00:32:50.346236+00:00,0,742062,0,2026-03-15T00:32:50.225109+00:00,0,742063,0,2026-03-15T00:32:50.245029+00:00
69095,2026-03-27,2026-03-28T00:00:00+00:00,QTA,Moorings,,[CAPITAL DISCIPLINE](/app/fleet/2520),0,742088,0,2026-03-15T00:32:57.743976+00:00,[#742088](/app/tasks/742088),0,742094,0,2026-03-15T00:32:58.048520+00:00,0,742089,0,2026-03-15T00:32:57.783489+00:00,0,742092,0,2026-03-15T00:32:57.951782+00:00,0,742093,0,2026-03-15T00:32:58.028809+00:00,0,742090,0,2026-03-15T00:32:57.842593+00:00,0,742091,0,2026-03-15T00:32:57.928458+00:00
69096,2026-03-27,2026-03-28T00:00:00+00:00,QTA,Moorings,,[DAUNTLESS](/app/fleet/3299),0,742095,0,2026-03-15T00:33:02.186926+00:00,[#742095](/app/tasks/742095),0,742101,0,2026-03-15T00:33:02.491250+00:00,0,742096,0,2026-03-15T00:33:02.237625+00:00,0,742099,0,2026-03-15T00:33:02.422392+00:00,0,742100,0,2026-03-15T00:33:02.442042+00:00,0,742097,0,2026-03-15T00:33:02.322407+00:00,0,742098,0,2026-03-15T00:33:02.340362+00:00
69098,2026-03-27,2026-03-28T00:00:00+00:00,QTA,Sunsail,,[DOWN DE ISLANDS](/app/fleet/3751),0,742109,0,2026-03-15T00:33:05.251296+00:00,[#742109](/app/tasks/742109),0,742115,0,2026-03-15T00:33:05.620271+00:00,0,742110,0,2026-03-15T00:33:05.322658+00:00,0,742113,0,2026-03-15T00:33:05.520244+00:00,0,742114,0,2026-03-15T00:33:05.541822+00:00,0,742112,0,2026-03-15T00:33:05.391535+00:00,0,742111,0,2026-03-15T00:33:05.344763+00:00
69099,2026-03-27,2026-03-28T00:00:00+00:00,QTA,Moorings,,[DOWN WITH THE SEAS](/app/fleet/3797),0,742116,0,2026-03-15T00:33:06.154070+00:00,[#742116](/app/tasks/742116),0,742122,0,2026-03-15T00:33:06.439622+00:00,0,742117,0,2026-03-15T00:33:06.223451+00:00,0,742120,0,2026-03-15T00:33:06.355152+00:00,0,742121,0,2026-03-15T00:33:06.422697+00:00,0,742118,0,2026-03-15T00:33:06.251476+00:00,0,742119,0,2026-03-15T00:33:06.328895+00:00
69113,2026-03-27,2026-03-28T00:00:00+00:00,QTA,Sunsail,,[MARYLEE III](/app/fleet/3768),0,742214,0,2026-03-15T00:33:42.028675+00:00,[#742214](/app/tasks/742214),0,742220,0,2026-03-15T00:33:42.256739+00:00,0,742215,0,2026-03-15T00:33:42.055902+00:00,0,742218,0,2026-03-15T00:33:42.228410+00:00,0,742219,0,2026-03-15T00:33:42.242409+00:00,0,742216,0,2026-03-15T00:33:42.130316+00:00,0,742217,0,2026-03-15T00:33:42.148322+00:00
69114,2026-03-27,2026-03-28T00:00:00+00:00,QTA,Moorings,,[MCLOVIN LIFE](/app/fleet/3843),0,742221,0,2026-03-15T00:33:43.290465+00:00,[#742221](/app/tasks/742221),0,742227,0,2026-03-15T00:33:43.587867+00:00,0,742222,0,2026-03-15T00:33:43.343233+00:00,0,742225,0,2026-03-15T00:33:43.528149+00:00,0,742226,0,2026-03-15T00:33:43.543919+00:00,0,742223,0,2026-03-15T00:33:43.391616+00:00,0,742224,0,2026-03-15T00:33:43.444937+00:00
69121,2026-03-27,2026-03-28T00:00:00+00:00,QTA,Sunsail,,[PREMIUM BREEZE](/app/fleet/3770),0,742270,0,2026-03-15T00:33:59.032454+00:00,[#742270](/app/tasks/742270),0,742276,0,2026-03-15T00:33:59.339434+00:00,0,742271,0,2026-03-15T00:33:59.059188+00:00,0,742274,0,2026-03-15T00:33:59.245890+00:00,0,742275,0,2026-03-15T00:33:59.291379+00:00,0,742272,0,2026-03-15T00:33:59.138523+00:00,0,742273,0,2026-03-15T00:33:59.187343+00:00
69127,2026-03-27,2026-03-28T00:00:00+00:00,QTA,Sunsail,,[STARGATE](/app/fleet/3230),0,742312,0,2026-03-15T00:34:20.793058+00:00,[#742312](/app/tasks/742312),0,742318,0,2026-03-15T00:34:21.123292+00:00,0,742313,0,2026-03-15T00:34:20.836631+00:00,0,742316,0,2026-03-15T00:34:21.033981+00:00,0,742317,0,2026-03-15T00:34:21.086926+00:00,0,742314,0,2026-03-15T00:34:20.923615+00:00,0,742315,0,2026-03-15T00:34:20.948010+00:00
69128,2026-03-27,2026-03-28T00:00:00+00:00,QTA,Moorings,,[TASHI](/app/fleet/4044),0,742319,0,2026-03-15T00:34:25.252040+00:00,[#742319](/app/tasks/742319),0,742325,0,2026-03-15T00:34:25.623417+00:00,0,742320,0,2026-03-15T00:34:25.328725+00:00,0,742323,0,2026-03-15T00:34:25.524735+00:00,0,742324,0,2026-03-15T00:34:25.545579+00:00,0,742321,0,2026-03-15T00:34:25.392023+00:00,0,742322,0,2026-03-15T00:34:25.439001+00:00
69129,2026-03-27,2026-03-28T00:00:00+00:00,QTA,Moorings,,[TEQUILA SUNSET](/app/fleet/1812),0,742326,0,2026-03-15T00:34:26.190607+00:00,[#742326](/app/tasks/742326),0,742332,0,2026-03-15T00:34:26.531382+00:00,0,742327,0,2026-03-15T00:34:26.242320+00:00,0,742330,0,2026-03-15T00:34:26.438118+00:00,0,742331,0,2026-03-15T00:34:26.487051+00:00,0,742328,0,2026-03-15T00:34:26.329529+00:00,0,742329,0,2026-03-15T00:34:26.392079+00:00
69130,2026-03-27,2026-03-28T00:00:00+00:00,QTA,Moorings,,[THIS IS IT](/app/fleet/2526),0,742333,0,2026-03-15T00:34:28.531400+00:00,[#742333](/app/tasks/742333),0,742339,0,2026-03-15T00:34:28.896727+00:00,0,742334,0,2026-03-15T00:34:28.591060+00:00,0,742337,0,2026-03-15T00:34:28.801545+00:00,0,742338,0,2026-03-15T00:34:28.843897+00:00,0,742335,0,2026-03-15T00:34:28.646009+00:00,0,742336,0,2026-03-15T00:34:28.739913+00:00
69241,2026-03-27,2026-03-28T00:00:00+00:00,QTA,Moorings,,[VITAMIN SEA](/app/fleet/2518),0,743703,0,2026-03-17T13:33:46.703126+00:00,[#743703](/app/tasks/743703),0,743709,0,2026-03-17T13:33:47.027377+00:00,0,743704,0,2026-03-17T13:33:46.788551+00:00,0,743707,0,2026-03-17T13:33:46.982889+00:00,0,743708,0,2026-03-17T13:33:47.003160+00:00,0,743705,0,2026-03-17T13:33:46.830235+00:00,0,743706,0,2026-03-17T13:33:46.901033+00:00
69285,2026-03-27,2026-03-28T00:00:00+00:00,QTA,Moorings,,[ZAGUATE](/app/fleet/2521),0,744617,0,2026-03-19T22:33:49.961411+00:00,[#744617](/app/tasks/744617),0,744623,0,2026-03-19T22:33:50.334998+00:00,0,744618,0,2026-03-19T22:33:50.035331+00:00,0,744621,0,2026-03-19T22:33:50.241737+00:00,0,744622,0,2026-03-19T22:33:50.273165+00:00,0,744619,0,2026-03-19T22:33:50.084917+00:00,0,744620,0,2026-03-19T22:33:50.179074+00:00
69135,2026-03-27,2026-03-28T00:00:00+00:00,QTA,Moorings,,[ZUZU](/app/fleet/3271),0,742368,0,2026-03-15T00:34:42.723614+00:00,[#742368](/app/tasks/742368),0,742374,0,2026-03-15T00:34:43.037926+00:00,0,742369,0,2026-03-15T00:34:42.787472+00:00,0,742372,0,2026-03-15T00:34:42.937444+00:00,0,742373,0,2026-03-15T00:34:42.998662+00:00,0,742370,0,2026-03-15T00:34:42.832403+00:00,0,742371,0,2026-03-15T00:34:42.890707+00:00
69176,2026-03-27,2026-03-28T00:00:00+00:00,1-N,Moorings,,[MAGGIE SEA II](/app/fleet/3844),0,742796,0,2026-03-16T00:33:27.101054+00:00,[#742796](/app/tasks/742796),0,742802,0,2026-03-16T00:33:27.403671+00:00,0,742797,0,2026-03-16T00:33:27.144365+00:00,0,742800,0,2026-03-16T00:33:27.338861+00:00,0,742801,0,2026-03-16T00:33:27.386037+00:00,0,742798,0,2026-03-16T00:33:27.234942+00:00,0,742799,0,2026-03-16T00:33:27.284946+00:00
69181,2026-03-27,2026-03-28T00:00:00+00:00,1-N,Moorings,,[SEADUCTION](/app/fleet/1715),0,742831,0,2026-03-16T00:33:50.406287+00:00,[#742831](/app/tasks/742831),0,742837,0,2026-03-16T00:33:50.703209+00:00,0,742832,0,2026-03-16T00:33:50.434973+00:00,0,742835,0,2026-03-16T00:33:50.610455+00:00,0,742836,0,2026-03-16T00:33:50.647282+00:00,0,742833,0,2026-03-16T00:33:50.498061+00:00,0,742834,0,2026-03-16T00:33:50.540810+00:00
69234,2026-03-27,2026-03-28T00:00:00+00:00,2,Moorings,,[SANDPIPER](/app/fleet/3791),0,743570,0,2026-03-17T00:32:42.648663+00:00,[#743570](/app/tasks/743570),0,743576,0,2026-03-17T00:32:43.025557+00:00,0,743571,0,2026-03-17T00:32:42.725938+00:00,0,743574,0,2026-03-17T00:32:42.933378+00:00,0,743575,0,2026-03-17T00:32:42.952882+00:00,0,743572,0,2026-03-17T00:32:42.799949+00:00,0,743573,0,2026-03-17T00:32:42.837369+00:00
69238,2026-03-27,2026-03-28T00:00:00+00:00,2,Moorings,,[SWEET CAROLINE](/app/fleet/3795),0,743598,0,2026-03-17T00:33:01.655017+00:00,[#743598](/app/tasks/743598),0,743604,0,2026-03-17T00:33:01.915079+00:00,0,743599,0,2026-03-17T00:33:01.722084+00:00,0,743602,0,2026-03-17T00:33:01.835063+00:00,0,743603,0,2026-03-17T00:33:01.850538+00:00,0,743600,0,2026-03-17T00:33:01.748521+00:00,0,743601,0,2026-03-17T00:33:01.765072+00:00
69431,2026-03-27,2026-03-28T00:00:00+00:00,7,Moorings,,[SHE'S THE CAPTAIN](/app/fleet/3618),0,746799,0,2026-03-22T00:35:06.557437+00:00,[#746799](/app/tasks/746799),0,746805,0,2026-03-22T00:35:06.905259+00:00,0,746800,0,2026-03-22T00:35:06.634094+00:00,0,746803,0,2026-03-22T00:35:06.838780+00:00,0,746804,0,2026-03-22T00:35:06.859231+00:00,0,746801,0,2026-03-22T00:35:06.696811+00:00,0,746802,0,2026-03-22T00:35:06.754427+00:00
69575,2026-03-27,2026-03-28T00:00:00+00:00,11,Moorings,,[GRACE](/app/fleet/3778),0,748581,0,2026-03-26T00:32:42.761428+00:00,[#748581](/app/tasks/748581),0,748587,0,2026-03-26T00:32:43.118618+00:00,0,748582,0,2026-03-26T00:32:42.835863+00:00,0,748585,0,2026-03-26T00:32:43.034676+00:00,0,748586,0,2026-03-26T00:32:43.057192+00:00,0,748583,0,2026-03-26T00:32:42.867765+00:00,0,748584,0,2026-03-26T00:32:42.951435+00:00
69163,2026-03-28,2026-03-29T00:00:00+00:00,QTA,Moorings,,[ABIDE](/app/fleet/3761),0,742705,0,2026-03-16T00:32:34.780867+00:00,[#742705](/app/tasks/742705),0,742711,0,2026-03-16T00:32:35.142899+00:00,0,742706,0,2026-03-16T00:32:34.849633+00:00,0,742709,0,2026-03-16T00:32:35.041290+00:00,0,742710,0,2026-03-16T00:32:35.085177+00:00,0,742708,0,2026-03-16T00:32:34.946771+00:00,0,742707,0,2026-03-16T00:32:34.896739+00:00
69164,2026-03-28,2026-03-29T00:00:00+00:00,QTA,Moorings,,[A BOW' TIME](/app/fleet/3297),0,742712,0,2026-03-16T00:32:36.063775+00:00,[#742712](/app/tasks/742712),0,742718,0,2026-03-16T00:32:36.384698+00:00,0,742713,0,2026-03-16T00:32:36.131036+00:00,0,742716,0,2026-03-16T00:32:36.291383+00:00,0,742717,0,2026-03-16T00:32:36.342843+00:00,0,742714,0,2026-03-16T00:32:36.186543+00:00,0,742715,0,2026-03-16T00:32:36.237530+00:00
69165,2026-03-28,2026-03-29T00:00:00+00:00,QTA,Sunsail,,[ALPENGLOW](/app/fleet/3312),0,742719,0,2026-03-16T00:32:37.387709+00:00,[#742719](/app/tasks/742719),0,742725,0,2026-03-16T00:32:37.738291+00:00,0,742720,0,2026-03-16T00:32:37.445384+00:00,0,742723,0,2026-03-16T00:32:37.639464+00:00,0,742724,0,2026-03-16T00:32:37.680863+00:00,0,742721,0,2026-03-16T00:32:37.535343+00:00,0,742722,0,2026-03-16T00:32:37.555164+00:00
69166,2026-03-28,2026-03-29T00:00:00+00:00,QTA,Moorings,,[ANDROMEDA](/app/fleet/1713),0,742726,0,2026-03-16T00:32:40.483641+00:00,[#742726](/app/tasks/742726),0,742732,0,2026-03-16T00:32:40.785259+00:00,0,742727,0,2026-03-16T00:32:40.540550+00:00,0,742730,0,2026-03-16T00:32:40.693484+00:00,0,742731,0,2026-03-16T00:32:40.745117+00:00,0,742728,0,2026-03-16T00:32:40.591923+00:00,0,742729,0,2026-03-16T00:32:40.644070+00:00
69167,2026-03-28,2026-03-29T00:00:00+00:00,QTA,Moorings,,[ANNALISE](/app/fleet/3833),0,742733,0,2026-03-16T00:32:41.581579+00:00,[#742733](/app/tasks/742733),0,742739,0,2026-03-16T00:32:41.857369+00:00,0,742734,0,2026-03-16T00:32:41.640242+00:00,0,742737,0,2026-03-16T00:32:41.786441+00:00,0,742738,0,2026-03-16T00:32:41.839145+00:00,0,742735,0,2026-03-16T00:32:41.692153+00:00,0,742736,0,2026-03-16T00:32:41.740439+00:00
69168,2026-03-28,2026-03-29T00:00:00+00:00,QTA,Moorings,,[CHRISTINE](/app/fleet/3637),0,742740,0,2026-03-16T00:32:53.034716+00:00,[#742740](/app/tasks/742740),0,742746,0,2026-03-16T00:32:53.403303+00:00,0,742741,0,2026-03-16T00:32:53.104706+00:00,0,742744,0,2026-03-16T00:32:53.307365+00:00,0,742745,0,2026-03-16T00:32:53.384472+00:00,0,742742,0,2026-03-16T00:32:53.194206+00:00,0,742743,0,2026-03-16T00:32:53.236049+00:00
69170,2026-03-28,2026-03-29T00:00:00+00:00,QTA,Moorings,,[GAP YEAR](/app/fleet/2514),0,742754,0,2026-03-16T00:33:07.630972+00:00,[#742754](/app/tasks/742754),0,742760,0,2026-03-16T00:33:07.910739+00:00,0,742755,0,2026-03-16T00:33:07.681163+00:00,0,742758,0,2026-03-16T00:33:07.844768+00:00,0,742759,0,2026-03-16T00:33:07.893073+00:00,0,742756,0,2026-03-16T00:33:07.741179+00:00,0,742757,0,2026-03-16T00:33:07.791675+00:00
69172,2026-03-28,2026-03-29T00:00:00+00:00,QTA,Moorings,,[HOLD MY BEER](/app/fleet/4216),0,742768,0,2026-03-16T00:33:13.435008+00:00,[#742768](/app/tasks/742768),0,742774,0,2026-03-16T00:33:13.785156+00:00,0,742769,0,2026-03-16T00:33:13.494379+00:00,0,742772,0,2026-03-16T00:33:13.694783+00:00,0,742773,0,2026-03-16T00:33:13.735817+00:00,0,742770,0,2026-03-16T00:33:13.584747+00:00,0,742771,0,2026-03-16T00:33:13.604807+00:00
69173,2026-03-28,2026-03-29T00:00:00+00:00,QTA,Moorings,,[JUBILEE](/app/fleet/1995),0,742775,0,2026-03-16T00:33:17.220101+00:00,[#742775](/app/tasks/742775),0,742781,0,2026-03-16T00:33:17.542804+00:00,0,742776,0,2026-03-16T00:33:17.293835+00:00,0,742779,0,2026-03-16T00:33:17.481656+00:00,0,742780,0,2026-03-16T00:33:17.499450+00:00,0,742777,0,2026-03-16T00:33:17.343433+00:00,0,742778,0,2026-03-16T00:33:17.407261+00:00
69309,2026-03-28,2026-03-29T00:00:00+00:00,QTA,Moorings,,[LIAHONA](/app/fleet/3304),0,745637,0,2026-03-20T16:32:39.547531+00:00,[#745637](/app/tasks/745637),0,745643,0,2026-03-20T16:32:39.897458+00:00,0,745638,0,2026-03-20T16:32:39.608315+00:00,0,745641,0,2026-03-20T16:32:39.796403+00:00,0,745642,0,2026-03-20T16:32:39.847763+00:00,0,745639,0,2026-03-20T16:32:39.686606+00:00,0,745640,0,2026-03-20T16:32:39.748277+00:00
69179,2026-03-28,2026-03-29T00:00:00+00:00,QTA,Moorings,,[PERFECT P](/app/fleet/3274),0,742817,0,2026-03-16T00:33:41.486953+00:00,[#742817](/app/tasks/742817),0,742823,0,2026-03-16T00:33:41.810177+00:00,0,742818,0,2026-03-16T00:33:41.534899+00:00,0,742821,0,2026-03-16T00:33:41.734221+00:00,0,742822,0,2026-03-16T00:33:41.790257+00:00,0,742819,0,2026-03-16T00:33:41.600235+00:00,0,742820,0,2026-03-16T00:33:41.691088+00:00
69180,2026-03-28,2026-03-29T00:00:00+00:00,QTA,Moorings,,[PIRATE SONG](/app/fleet/3313),0,742824,0,2026-03-16T00:33:42.695810+00:00,[#742824](/app/tasks/742824),0,742830,0,2026-03-16T00:33:42.986237+00:00,0,742825,0,2026-03-16T00:33:42.739665+00:00,0,742828,0,2026-03-16T00:33:42.893073+00:00,0,742829,0,2026-03-16T00:33:42.931483+00:00,0,742826,0,2026-03-16T00:33:42.797483+00:00,0,742827,0,2026-03-16T00:33:42.832732+00:00
69178,2026-03-28,2026-03-29T00:00:00+00:00,QTA,Moorings,,[PACIFY](/app/fleet/2505),0,742810,0,2026-03-16T00:33:40.113361+00:00,[#742810](/app/tasks/742810),0,742816,0,2026-03-16T00:33:40.486809+00:00,0,742811,0,2026-03-16T00:33:40.202482+00:00,0,742814,0,2026-03-16T00:33:40.397658+00:00,0,742815,0,2026-03-16T00:33:40.435261+00:00,0,742812,0,2026-03-16T00:33:40.292768+00:00,0,742813,0,2026-03-16T00:33:40.331453+00:00
69182,2026-03-28,2026-03-29T00:00:00+00:00,QTA,Moorings,,[SEAFIT](/app/fleet/2522),0,742838,0,2026-03-16T00:33:51.293270+00:00,[#742838](/app/tasks/742838),0,742844,0,2026-03-16T00:33:51.639270+00:00,0,742839,0,2026-03-16T00:33:51.342338+00:00,0,742842,0,2026-03-16T00:33:51.541059+00:00,0,742843,0,2026-03-16T00:33:51.593180+00:00,0,742840,0,2026-03-16T00:33:51.424641+00:00,0,742841,0,2026-03-16T00:33:51.497215+00:00
69187,2026-03-28,2026-03-29T00:00:00+00:00,QTA,Moorings,,[The One Eyed Cat](/app/fleet/4161),0,742873,0,2026-03-16T00:34:13.092170+00:00,[#742873](/app/tasks/742873),0,742879,0,2026-03-16T00:34:13.438589+00:00,0,742874,0,2026-03-16T00:34:13.137101+00:00,0,742877,0,2026-03-16T00:34:13.313956+00:00,0,742878,0,2026-03-16T00:34:13.398745+00:00,0,742875,0,2026-03-16T00:34:13.209257+00:00,0,742876,0,2026-03-16T00:34:13.281367+00:00
69184,2026-03-28,2026-03-29T00:00:00+00:00,QTA,Moorings,,[Sea Wing](/app/fleet/4273),0,742852,0,2026-03-16T00:33:56.006539+00:00,[#742852](/app/tasks/742852),0,742858,0,2026-03-16T00:33:56.335906+00:00,0,742853,0,2026-03-16T00:33:56.047389+00:00,0,742856,0,2026-03-16T00:33:56.284150+00:00,0,742857,0,2026-03-16T00:33:56.302354+00:00,0,742854,0,2026-03-16T00:33:56.118190+00:00,0,742855,0,2026-03-16T00:33:56.192696+00:00
69185,2026-03-28,2026-03-29T00:00:00+00:00,QTA,Moorings,,[SELAH](/app/fleet/2512),0,742859,0,2026-03-16T00:33:57.709749+00:00,[#742859](/app/tasks/742859),0,742865,0,2026-03-16T00:33:58.039904+00:00,0,742860,0,2026-03-16T00:33:57.790778+00:00,0,742863,0,2026-03-16T00:33:57.980910+00:00,0,742864,0,2026-03-16T00:33:58.004824+00:00,0,742861,0,2026-03-16T00:33:57.842444+00:00,0,742862,0,2026-03-16T00:33:57.900228+00:00
69229,2026-03-28,2026-03-29T00:00:00+00:00,1-N,Sunsail,,[CATAMAR](/app/fleet/3227),0,743535,0,2026-03-17T00:32:01.651353+00:00,[#743535](/app/tasks/743535),0,743541,0,2026-03-17T00:32:01.922424+00:00,0,743536,0,2026-03-17T00:32:01.724790+00:00,0,743539,0,2026-03-17T00:32:01.843354+00:00,0,743540,0,2026-03-17T00:32:01.859542+00:00,0,743537,0,2026-03-17T00:32:01.750651+00:00,0,743538,0,2026-03-17T00:32:01.816780+00:00
69231,2026-03-28,2026-03-29T00:00:00+00:00,1-N,Moorings,,[GRAYTFUL](/app/fleet/1993),0,743549,0,2026-03-17T00:32:15.303655+00:00,[#743549](/app/tasks/743549),0,743555,0,2026-03-17T00:32:15.518417+00:00,0,743550,0,2026-03-17T00:32:15.328066+00:00,0,743553,0,2026-03-17T00:32:15.444446+00:00,0,743554,0,2026-03-17T00:32:15.460068+00:00,0,743551,0,2026-03-17T00:32:15.354314+00:00,0,743552,0,2026-03-17T00:32:15.417455+00:00
69239,2026-03-28,2026-03-29T00:00:00+00:00,1-N,Moorings,,[THE SALTY BALLERS](/app/fleet/2000),0,743605,0,2026-03-17T00:33:04.243117+00:00,[#743605](/app/tasks/743605),0,743611,0,2026-03-17T00:33:04.452746+00:00,0,743606,0,2026-03-17T00:33:04.265595+00:00,0,743609,0,2026-03-17T00:33:04.417317+00:00,0,743610,0,2026-03-17T00:33:04.432915+00:00,0,743607,0,2026-03-17T00:33:04.326508+00:00,0,743608,0,2026-03-17T00:33:04.342957+00:00
69254,2026-03-28,2026-03-29T00:00:00+00:00,2,Moorings,,[BELLA](/app/fleet/2524),0,743851,0,2026-03-18T00:32:02.966370+00:00,[#743851](/app/tasks/743851),0,743857,0,2026-03-18T00:32:03.342695+00:00,0,743852,0,2026-03-18T00:32:03.045117+00:00,0,743855,0,2026-03-18T00:32:03.248479+00:00,0,743856,0,2026-03-18T00:32:03.312204+00:00,0,743853,0,2026-03-18T00:32:03.135790+00:00,0,743854,0,2026-03-18T00:32:03.213064+00:00
69268,2026-03-28,2026-03-29T00:00:00+00:00,3,Moorings,,[4 EVER SUMMER III](/app/fleet/3781),0,744373,0,2026-03-19T00:31:58.732954+00:00,[#744373](/app/tasks/744373),0,744379,0,2026-03-19T00:31:59.096641+00:00,0,744374,0,2026-03-19T00:31:58.811745+00:00,0,744377,0,2026-03-19T00:31:59.002255+00:00,0,744378,0,2026-03-19T00:31:59.025191+00:00,0,744375,0,2026-03-19T00:31:58.891942+00:00,0,744376,0,2026-03-19T00:31:58.923856+00:00
69279,2026-03-28,2026-03-29T00:00:00+00:00,3,Moorings,,[SY HABIBI](/app/fleet/2508),0,744450,0,2026-03-19T00:33:23.505239+00:00,[#744450](/app/tasks/744450),0,744456,0,2026-03-19T00:33:23.785118+00:00,0,744451,0,2026-03-19T00:33:23.529717+00:00,0,744454,0,2026-03-19T00:33:23.688782+00:00,0,744455,0,2026-03-19T00:33:23.709045+00:00,0,744452,0,2026-03-19T00:33:23.600874+00:00,0,744453,0,2026-03-19T00:33:23.617342+00:00
69562,2026-03-28,2026-03-29T00:00:00+00:00,4,Moorings,,[SPLASH LANDING](/app/fleet/3155),0,748459,0,2026-03-25T16:33:17.586234+00:00,[#748459](/app/tasks/748459),0,748465,0,2026-03-25T16:33:17.917752+00:00,0,748460,0,2026-03-25T16:33:17.622140+00:00,0,748463,0,2026-03-25T16:33:17.829996+00:00,0,748464,0,2026-03-25T16:33:17.891622+00:00,0,748461,0,2026-03-25T16:33:17.707485+00:00,0,748462,0,2026-03-25T16:33:17.794987+00:00
69304,2026-03-28,2026-03-29T00:00:00+00:00,4,Moorings,,[SV RESTLESS](/app/fleet/2515),0,744768,0,2026-03-20T00:33:35.190340+00:00,[#744768](/app/tasks/744768),0,744774,0,2026-03-20T00:33:35.572375+00:00,0,744769,0,2026-03-20T00:33:35.225328+00:00,0,744772,0,2026-03-20T00:33:35.503501+00:00,0,744773,0,2026-03-20T00:33:35.526848+00:00,0,744770,0,2026-03-20T00:33:35.301370+00:00,0,744771,0,2026-03-20T00:33:35.401569+00:00
69332,2026-03-28,2026-03-29T00:00:00+00:00,5,Moorings,,[Anchor Management](/app/fleet/4232),0,745839,0,2026-03-21T00:31:57.612642+00:00,[#745839](/app/tasks/745839),0,745845,0,2026-03-21T00:31:57.917360+00:00,0,745840,0,2026-03-21T00:31:57.641851+00:00,0,745843,0,2026-03-21T00:31:57.828518+00:00,0,745844,0,2026-03-21T00:31:57.845181+00:00,0,745841,0,2026-03-21T00:31:57.723991+00:00,0,745842,0,2026-03-21T00:31:57.749816+00:00
69334,2026-03-28,2026-03-29T00:00:00+00:00,5,Moorings,,[INDIGO BLUE](/app/fleet/3272),0,745853,0,2026-03-21T00:32:23.454168+00:00,[#745853](/app/tasks/745853),0,745859,0,2026-03-21T00:32:23.723674+00:00,0,745854,0,2026-03-21T00:32:23.520143+00:00,0,745857,0,2026-03-21T00:32:23.641052+00:00,0,745858,0,2026-03-21T00:32:23.706208+00:00,0,745855,0,2026-03-21T00:32:23.546827+00:00,0,745856,0,2026-03-21T00:32:23.613353+00:00
69563,2026-03-28,2026-03-29T00:00:00+00:00,5,Moorings,,[MANTA](/app/fleet/3772),0,748470,0,2026-03-25T17:33:11.531153+00:00,[#748470](/app/tasks/748470),0,748476,0,2026-03-25T17:33:11.884699+00:00,0,748471,0,2026-03-25T17:33:11.595734+00:00,0,748474,0,2026-03-25T17:33:11.791194+00:00,0,748475,0,2026-03-25T17:33:11.866277+00:00,0,748472,0,2026-03-25T17:33:11.674766+00:00,0,748473,0,2026-03-25T17:33:11.757617+00:00
69408,2026-03-28,2026-03-29T00:00:00+00:00,6,Moorings,,[GLOBAL WATER II](/app/fleet/3307),0,746638,0,2026-03-22T00:34:10.592766+00:00,[#746638](/app/tasks/746638),0,746644,0,2026-03-22T00:34:10.904159+00:00,0,746639,0,2026-03-22T00:34:10.648964+00:00,0,746642,0,2026-03-22T00:34:10.845109+00:00,0,746643,0,2026-03-22T00:34:10.867788+00:00,0,746640,0,2026-03-22T00:34:10.736984+00:00,0,746641,0,2026-03-22T00:34:10.768031+00:00
69410,2026-03-28,2026-03-29T00:00:00+00:00,6,Moorings,,[HAVKATT](/app/fleet/3699),0,746652,0,2026-03-22T00:34:14.645399+00:00,[#746652](/app/tasks/746652),0,746658,0,2026-03-22T00:34:14.956403+00:00,0,746653,0,2026-03-22T00:34:14.690533+00:00,0,746656,0,2026-03-22T00:34:14.862500+00:00,0,746657,0,2026-03-22T00:34:14.934010+00:00,0,746654,0,2026-03-22T00:34:14.760182+00:00,0,746655,0,2026-03-22T00:34:14.839490+00:00
69414,2026-03-28,2026-03-29T00:00:00+00:00,6,Moorings,,[LILY PAD](/app/fleet/3306),0,746680,0,2026-03-22T00:34:27.190381+00:00,[#746680](/app/tasks/746680),0,746686,0,2026-03-22T00:34:27.538422+00:00,0,746681,0,2026-03-22T00:34:27.239830+00:00,0,746684,0,2026-03-22T00:34:27.443409+00:00,0,746685,0,2026-03-22T00:34:27.492714+00:00,0,746682,0,2026-03-22T00:34:27.307537+00:00,0,746683,0,2026-03-22T00:34:27.392118+00:00
69421,2026-03-28,2026-03-29T00:00:00+00:00,6,Moorings,,[PERFECT TIMING](/app/fleet/4345),0,746729,0,2026-03-22T00:34:46.043107+00:00,[#746729](/app/tasks/746729),0,746735,0,2026-03-22T00:34:46.346718+00:00,0,746730,0,2026-03-22T00:34:46.102991+00:00,0,746733,0,2026-03-22T00:34:46.260807+00:00,0,746734,0,2026-03-22T00:34:46.297322+00:00,0,746732,0,2026-03-22T00:34:46.174170+00:00,0,746731,0,2026-03-22T00:34:46.153556+00:00
69422,2026-03-28,2026-03-29T00:00:00+00:00,6,Moorings,,[PLANE 2 SEA](/app/fleet/3142),0,746736,0,2026-03-22T00:34:47.172291+00:00,[#746736](/app/tasks/746736),0,746742,0,2026-03-22T00:34:47.456754+00:00,0,746737,0,2026-03-22T00:34:47.242481+00:00,0,746740,0,2026-03-22T00:34:47.367963+00:00,0,746741,0,2026-03-22T00:34:47.404883+00:00,0,746738,0,2026-03-22T00:34:47.286989+00:00,0,746739,0,2026-03-22T00:34:47.349445+00:00
69423,2026-03-28,2026-03-29T00:00:00+00:00,6,Moorings,,[ROYAL-T](/app/fleet/3792),0,746743,0,2026-03-22T00:34:50.193088+00:00,[#746743](/app/tasks/746743),0,746749,0,2026-03-22T00:34:50.496268+00:00,0,746744,0,2026-03-22T00:34:50.246005+00:00,0,746747,0,2026-03-22T00:34:50.442041+00:00,0,746748,0,2026-03-22T00:34:50.459973+00:00,0,746745,0,2026-03-22T00:34:50.339110+00:00,0,746746,0,2026-03-22T00:34:50.362097+00:00
69434,2026-03-28,2026-03-29T00:00:00+00:00,6,Moorings,,[Souly Sailing](/app/fleet/4264),0,746820,0,2026-03-22T00:35:10.068134+00:00,[#746820](/app/tasks/746820),0,746826,0,2026-03-22T00:35:10.439622+00:00,0,746821,0,2026-03-22T00:35:10.138584+00:00,0,746824,0,2026-03-22T00:35:10.337139+00:00,0,746825,0,2026-03-22T00:35:10.361911+00:00,0,746822,0,2026-03-22T00:35:10.203996+00:00,0,746823,0,2026-03-22T00:35:10.287952+00:00
69438,2026-03-28,2026-03-29T00:00:00+00:00,6,Moorings,,[ZIA](/app/fleet/3338),0,746848,0,2026-03-22T00:35:28.004672+00:00,[#746848](/app/tasks/746848),0,746854,0,2026-03-22T00:35:28.362356+00:00,0,746849,0,2026-03-22T00:35:28.087012+00:00,0,746852,0,2026-03-22T00:35:28.286511+00:00,0,746853,0,2026-03-22T00:35:28.337065+00:00,0,746850,0,2026-03-22T00:35:28.145567+00:00,0,746851,0,2026-03-22T00:35:28.199551+00:00
69477,2026-03-28,2026-03-29T00:00:00+00:00,7,Moorings,,[NIKKINOO](/app/fleet/4210),0,747301,0,2026-03-23T00:33:37.301855+00:00,[#747301](/app/tasks/747301),0,747307,0,2026-03-23T00:33:37.679856+00:00,0,747302,0,2026-03-23T00:33:37.377346+00:00,0,747305,0,2026-03-23T00:33:37.581688+00:00,0,747306,0,2026-03-23T00:33:37.626978+00:00,0,747303,0,2026-03-23T00:33:37.430288+00:00,0,747304,0,2026-03-23T00:33:37.487789+00:00
69516,2026-03-28,2026-03-29T00:00:00+00:00,8,Moorings,,[GHOST RIDER](/app/fleet/2485),0,747744,0,2026-03-24T00:32:18.163268+00:00,[#747744](/app/tasks/747744),0,747750,0,2026-03-24T00:32:18.470499+00:00,0,747745,0,2026-03-24T00:32:18.214522+00:00,0,747748,0,2026-03-24T00:32:18.408300+00:00,0,747749,0,2026-03-24T00:32:18.451915+00:00,0,747747,0,2026-03-24T00:32:18.311676+00:00,0,747746,0,2026-03-24T00:32:18.262679+00:00
69520,2026-03-28,2026-03-29T00:00:00+00:00,8,Moorings,,[MAURUURU](/app/fleet/4075),0,747772,0,2026-03-24T00:32:35.429772+00:00,[#747772](/app/tasks/747772),0,747778,0,2026-03-24T00:32:35.713176+00:00,0,747773,0,2026-03-24T00:32:35.464330+00:00,0,747776,0,2026-03-24T00:32:35.646403+00:00,0,747777,0,2026-03-24T00:32:35.660773+00:00,0,747774,0,2026-03-24T00:32:35.543285+00:00,0,747775,0,2026-03-24T00:32:35.565177+00:00
69572,2026-03-28,2026-03-29T00:00:00+00:00,10,Moorings,,[All Good](/app/fleet/4187),0,748560,0,2026-03-26T00:32:13.470851+00:00,[#748560](/app/tasks/748560),0,748566,0,2026-03-26T00:32:13.762944+00:00,0,748561,0,2026-03-26T00:32:13.543729+00:00,0,748564,0,2026-03-26T00:32:13.722315+00:00,0,748565,0,2026-03-26T00:32:13.746635+00:00,0,748562,0,2026-03-26T00:32:13.619514+00:00,0,748563,0,2026-03-26T00:32:13.655316+00:00
69574,2026-03-28,2026-03-29T00:00:00+00:00,10,Moorings,,[FREDDIE B III](/app/fleet/3341),0,748574,0,2026-03-26T00:32:38.748163+00:00,[#748574](/app/tasks/748574),0,748580,0,2026-03-26T00:32:39.054057+00:00,0,748575,0,2026-03-26T00:32:38.818259+00:00,0,748578,0,2026-03-26T00:32:38.964169+00:00,0,748579,0,2026-03-26T00:32:39.025397+00:00,0,748576,0,2026-03-26T00:32:38.855430+00:00,0,748577,0,2026-03-26T00:32:38.941755+00:00
69230,2026-03-29,2026-03-30T00:00:00+00:00,QTA,Sunsail,,[FULL CIRCLE](/app/fleet/2494),0,743542,0,2026-03-17T00:32:11.747653+00:00,[#743542](/app/tasks/743542),0,743548,0,2026-03-17T00:32:12.003733+00:00,0,743543,0,2026-03-17T00:32:11.800043+00:00,0,743546,0,2026-03-17T00:32:11.923535+00:00,0,743547,0,2026-03-17T00:32:11.941997+00:00,0,743545,0,2026-03-17T00:32:11.840424+00:00,0,743544,0,2026-03-17T00:32:11.823747+00:00
69232,2026-03-29,2026-03-30T00:00:00+00:00,QTA,Sunsail,,[HELICONIA (NO OWNERS)](/app/fleet/3753),0,743556,0,2026-03-17T00:32:17.121697+00:00,[#743556](/app/tasks/743556),0,743562,0,2026-03-17T00:32:17.333606+00:00,0,743557,0,2026-03-17T00:32:17.156347+00:00,0,743560,0,2026-03-17T00:32:17.255781+00:00,0,743561,0,2026-03-17T00:32:17.318428+00:00,0,743559,0,2026-03-17T00:32:17.221648+00:00,0,743558,0,2026-03-17T00:32:17.200003+00:00
69349,2026-03-29,2026-03-30T00:00:00+00:00,QTA,Moorings,,[MUSTARD MITT!](/app/fleet/3758),0,746159,0,2026-03-21T18:32:51.172985+00:00,[#746159](/app/tasks/746159),0,746165,0,2026-03-21T18:32:51.557355+00:00,0,746160,0,2026-03-21T18:32:51.254602+00:00,0,746163,0,2026-03-21T18:32:51.457940+00:00,0,746164,0,2026-03-21T18:32:51.478485+00:00,0,746162,0,2026-03-21T18:32:51.357882+00:00,0,746161,0,2026-03-21T18:32:51.288542+00:00
69233,2026-03-29,2026-03-30T00:00:00+00:00,QTA,Sunsail,,[PARADOX](/app/fleet/2499),0,743563,0,2026-03-17T00:32:35.926812+00:00,[#743563](/app/tasks/743563),0,743569,0,2026-03-17T00:32:36.143907+00:00,0,743564,0,2026-03-17T00:32:35.950221+00:00,0,743567,0,2026-03-17T00:32:36.107064+00:00,0,743568,0,2026-03-17T00:32:36.128624+00:00,0,743565,0,2026-03-17T00:32:36.023257+00:00,0,743566,0,2026-03-17T00:32:36.041089+00:00
69235,2026-03-29,2026-03-30T00:00:00+00:00,QTA,Sunsail,,[SS HULL 925 (NO OWNERS)](/app/fleet/4347),0,743577,0,2026-03-17T00:32:56.460128+00:00,[#743577](/app/tasks/743577),0,743583,0,2026-03-17T00:32:56.815498+00:00,0,743578,0,2026-03-17T00:32:56.528484+00:00,0,743581,0,2026-03-17T00:32:56.723473+00:00,0,743582,0,2026-03-17T00:32:56.742551+00:00,0,743580,0,2026-03-17T00:32:56.623106+00:00,0,743579,0,2026-03-17T00:32:56.547761+00:00
69236,2026-03-29,2026-03-30T00:00:00+00:00,QTA,Sunsail,,[SS HULL 927 (NO OWNERS)](/app/fleet/4349),0,743584,0,2026-03-17T00:32:57.422967+00:00,[#743584](/app/tasks/743584),0,743590,0,2026-03-17T00:32:57.639811+00:00,0,743585,0,2026-03-17T00:32:57.447248+00:00,0,743588,0,2026-03-17T00:32:57.602379+00:00,0,743589,0,2026-03-17T00:32:57.623614+00:00,0,743587,0,2026-03-17T00:32:57.527415+00:00,0,743586,0,2026-03-17T00:32:57.502992+00:00
69237,2026-03-29,2026-03-30T00:00:00+00:00,QTA,Moorings,,[Sun Jay](/app/fleet/4069),0,743591,0,2026-03-17T00:33:00.203441+00:00,[#743591](/app/tasks/743591),0,743597,0,2026-03-17T00:33:00.523086+00:00,0,743592,0,2026-03-17T00:33:00.238009+00:00,0,743595,0,2026-03-17T00:33:00.431338+00:00,0,743596,0,2026-03-17T00:33:00.455491+00:00,0,743593,0,2026-03-17T00:33:00.323115+00:00,0,743594,0,2026-03-17T00:33:00.343845+00:00
69537,2026-03-29,2026-03-30T00:00:00+00:00,QTA,Sunsail,,[SUNNY DAYS](/app/fleet/3401),0,748092,0,2026-03-24T14:33:25.714030+00:00,[#748092](/app/tasks/748092),0,748098,0,2026-03-24T14:33:26.041362+00:00,0,748093,0,2026-03-24T14:33:25.750503+00:00,0,748096,0,2026-03-24T14:33:25.940234+00:00,0,748097,0,2026-03-24T14:33:26.018396+00:00,0,748095,0,2026-03-24T14:33:25.843296+00:00,0,748094,0,2026-03-24T14:33:25.820522+00:00
69240,2026-03-29,2026-03-30T00:00:00+00:00,QTA,Moorings,,[WHITE PEARL](/app/fleet/2519),0,743612,0,2026-03-17T00:33:10.222760+00:00,[#743612](/app/tasks/743612),0,743618,0,2026-03-17T00:33:10.461957+00:00,0,743613,0,2026-03-17T00:33:10.253018+00:00,0,743616,0,2026-03-17T00:33:10.425847+00:00,0,743617,0,2026-03-17T00:33:10.445423+00:00,0,743614,0,2026-03-17T00:33:10.333877+00:00,0,743615,0,2026-03-17T00:33:10.353096+00:00
69269,2026-03-29,2026-03-30T00:00:00+00:00,2,Moorings,,[ANANDA](/app/fleet/2484),0,744380,0,2026-03-19T00:32:03.015557+00:00,[#744380](/app/tasks/744380),0,744386,0,2026-03-19T00:32:03.310897+00:00,0,744381,0,2026-03-19T00:32:03.083837+00:00,0,744384,0,2026-03-19T00:32:03.212650+00:00,0,744385,0,2026-03-19T00:32:03.289754+00:00,0,744383,0,2026-03-19T00:32:03.120618+00:00,0,744382,0,2026-03-19T00:32:03.102607+00:00
69274,2026-03-29,2026-03-30T00:00:00+00:00,2,Moorings,,[LA JOIE DE VIVRE](/app/fleet/3774),0,744415,0,2026-03-19T00:32:43.990281+00:00,[#744415](/app/tasks/744415),0,744421,0,2026-03-19T00:32:44.304270+00:00,0,744416,0,2026-03-19T00:32:44.014162+00:00,0,744419,0,2026-03-19T00:32:44.209719+00:00,0,744420,0,2026-03-19T00:32:44.284745+00:00,0,744417,0,2026-03-19T00:32:44.093844+00:00,0,744418,0,2026-03-19T00:32:44.117559+00:00
69277,2026-03-29,2026-03-30T00:00:00+00:00,2,Moorings,,[SAILING EVY WHERE](/app/fleet/3337),0,744436,0,2026-03-19T00:33:04.912258+00:00,[#744436](/app/tasks/744436),0,744442,0,2026-03-19T00:33:05.189355+00:00,0,744437,0,2026-03-19T00:33:04.985907+00:00,0,744440,0,2026-03-19T00:33:05.112892+00:00,0,744441,0,2026-03-19T00:33:05.127535+00:00,0,744438,0,2026-03-19T00:33:05.015639+00:00,0,744439,0,2026-03-19T00:33:05.089402+00:00
69307,2026-03-29,2026-03-30T00:00:00+00:00,2,Moorings,,[Three Sisters](/app/fleet/4041),0,745614,0,2026-03-20T14:33:54.052407+00:00,[#745614](/app/tasks/745614),0,745620,0,2026-03-20T14:33:54.467503+00:00,0,745615,0,2026-03-20T14:33:54.122710+00:00,0,745618,0,2026-03-20T14:33:54.359652+00:00,0,745619,0,2026-03-20T14:33:54.421539+00:00,0,745616,0,2026-03-20T14:33:54.216620+00:00,0,745617,0,2026-03-20T14:33:54.261052+00:00
69298,2026-03-29,2026-03-30T00:00:00+00:00,3,Sunsail,,[GINTINI](/app/fleet/2498),0,744726,0,2026-03-20T00:32:41.471947+00:00,[#744726](/app/tasks/744726),0,744732,0,2026-03-20T00:32:41.717878+00:00,0,744727,0,2026-03-20T00:32:41.498018+00:00,0,744730,0,2026-03-20T00:32:41.675431+00:00,0,744731,0,2026-03-20T00:32:41.697270+00:00,0,744728,0,2026-03-20T00:32:41.575797+00:00,0,744729,0,2026-03-20T00:32:41.597535+00:00
69301,2026-03-29,2026-03-30T00:00:00+00:00,3,Moorings,,[NEVER SAY NEVER 2](/app/fleet/3645),0,744747,0,2026-03-20T00:33:07.319329+00:00,[#744747](/app/tasks/744747),0,744753,0,2026-03-20T00:33:07.685046+00:00,0,744748,0,2026-03-20T00:33:07.399320+00:00,0,744751,0,2026-03-20T00:33:07.593714+00:00,0,744752,0,2026-03-20T00:33:07.616370+00:00,0,744749,0,2026-03-20T00:33:07.478405+00:00,0,744750,0,2026-03-20T00:33:07.517655+00:00
69566,2026-03-29,2026-03-30T00:00:00+00:00,3,Moorings,,[SNOWDRIFT](/app/fleet/4213),0,748499,0,2026-03-25T21:33:17.208922+00:00,[#748499](/app/tasks/748499),0,748505,0,2026-03-25T21:33:17.555363+00:00,0,748500,0,2026-03-25T21:33:17.285489+00:00,0,748503,0,2026-03-25T21:33:17.484923+00:00,0,748504,0,2026-03-25T21:33:17.501527+00:00,0,748501,0,2026-03-25T21:33:17.350406+00:00,0,748502,0,2026-03-25T21:33:17.393467+00:00
69337,2026-03-29,2026-03-30T00:00:00+00:00,4,Moorings,,[LILYLOLANNI](/app/fleet/3351),0,745874,0,2026-03-21T00:32:30.113337+00:00,[#745874](/app/tasks/745874),0,745880,0,2026-03-21T00:32:30.336580+00:00,0,745875,0,2026-03-21T00:32:30.135874+00:00,0,745878,0,2026-03-21T00:32:30.305668+00:00,0,745879,0,2026-03-21T00:32:30.321070+00:00,0,745876,0,2026-03-21T00:32:30.209437+00:00,0,745877,0,2026-03-21T00:32:30.229598+00:00
69339,2026-03-29,2026-03-30T00:00:00+00:00,4,Moorings,,[NAUTI PALOMA](/app/fleet/3780),0,745888,0,2026-03-21T00:32:38.914966+00:00,[#745888](/app/tasks/745888),0,745894,0,2026-03-21T00:32:39.153170+00:00,0,745889,0,2026-03-21T00:32:38.944405+00:00,0,745892,0,2026-03-21T00:32:39.114523+00:00,0,745893,0,2026-03-21T00:32:39.133452+00:00,0,745890,0,2026-03-21T00:32:39.017254+00:00,0,745891,0,2026-03-21T00:32:39.049184+00:00
69347,2026-03-29,2026-03-30T00:00:00+00:00,4,Moorings,,[WAKA WAKA](/app/fleet/1814),0,745944,0,2026-03-21T00:33:08.057274+00:00,[#745944](/app/tasks/745944),0,745950,0,2026-03-21T00:33:08.342811+00:00,0,745945,0,2026-03-21T00:33:08.112681+00:00,0,745948,0,2026-03-21T00:33:08.247078+00:00,0,745949,0,2026-03-21T00:33:08.324023+00:00,0,745946,0,2026-03-21T00:33:08.144448+00:00,0,745947,0,2026-03-21T00:33:08.225469+00:00
69404,2026-03-29,2026-03-30T00:00:00+00:00,5,Moorings,,[Eggsquisite](/app/fleet/4212),0,746610,0,2026-03-22T00:34:01.095587+00:00,[#746610](/app/tasks/746610),0,746616,0,2026-03-22T00:34:01.443185+00:00,0,746611,0,2026-03-22T00:34:01.145493+00:00,0,746614,0,2026-03-22T00:34:01.350161+00:00,0,746615,0,2026-03-22T00:34:01.396557+00:00,0,746612,0,2026-03-22T00:34:01.234029+00:00,0,746613,0,2026-03-22T00:34:01.261423+00:00
69426,2026-03-29,2026-03-30T00:00:00+00:00,5,Moorings,,[SEARENITY](/app/fleet/3218),0,746764,0,2026-03-22T00:34:58.970857+00:00,[#746764](/app/tasks/746764),0,746770,0,2026-03-22T00:34:59.295281+00:00,0,746765,0,2026-03-22T00:34:59.034119+00:00,0,746768,0,2026-03-22T00:34:59.200985+00:00,0,746769,0,2026-03-22T00:34:59.244370+00:00,0,746766,0,2026-03-22T00:34:59.100916+00:00,0,746767,0,2026-03-22T00:34:59.143120+00:00
69522,2026-03-29,2026-03-30T00:00:00+00:00,7,Moorings,,[MOLTO GRATO](/app/fleet/2533),0,747786,0,2026-03-24T00:32:38.051838+00:00,[#747786](/app/tasks/747786),0,747792,0,2026-03-24T00:32:38.364030+00:00,0,747787,0,2026-03-24T00:32:38.115394+00:00,0,747790,0,2026-03-24T00:32:38.306152+00:00,0,747791,0,2026-03-24T00:32:38.326388+00:00,0,747788,0,2026-03-24T00:32:38.165106+00:00,0,747789,0,2026-03-24T00:32:38.252462+00:00
69252,2026-03-30,2026-03-31T00:00:00+00:00,QTA,Moorings,,[ANDIAMO](/app/fleet/3748),0,743837,0,2026-03-18T00:31:58.112893+00:00,[#743837](/app/tasks/743837),0,743843,0,2026-03-18T00:31:58.440125+00:00,0,743838,0,2026-03-18T00:31:58.155552+00:00,0,743841,0,2026-03-18T00:31:58.343730+00:00,0,743842,0,2026-03-18T00:31:58.363453+00:00,0,743840,0,2026-03-18T00:31:58.248037+00:00,0,743839,0,2026-03-18T00:31:58.213636+00:00
69253,2026-03-30,2026-03-31T00:00:00+00:00,QTA,Sunsail,,[Balboa Blue](/app/fleet/3750),0,743844,0,2026-03-18T00:32:02.035783+00:00,[#743844](/app/tasks/743844),0,743850,0,2026-03-18T00:32:02.360578+00:00,0,743845,0,2026-03-18T00:32:02.066694+00:00,0,743848,0,2026-03-18T00:32:02.267363+00:00,0,743849,0,2026-03-18T00:32:02.343072+00:00,0,743847,0,2026-03-18T00:32:02.164032+00:00,0,743846,0,2026-03-18T00:32:02.140186+00:00
69255,2026-03-30,2026-03-31T00:00:00+00:00,QTA,Moorings,,[BOATOX](/app/fleet/3416),0,743858,0,2026-03-18T00:32:06.739243+00:00,[#743858](/app/tasks/743858),0,743864,0,2026-03-18T00:32:07.062983+00:00,0,743859,0,2026-03-18T00:32:06.767769+00:00,0,743862,0,2026-03-18T00:32:06.967536+00:00,0,743863,0,2026-03-18T00:32:07.042248+00:00,0,743861,0,2026-03-18T00:32:06.866973+00:00,0,743860,0,2026-03-18T00:32:06.844369+00:00
69256,2026-03-30,2026-03-31T00:00:00+00:00,QTA,Moorings,,[MISTRAL](/app/fleet/3746),0,743865,0,2026-03-18T00:32:46.853718+00:00,[#743865](/app/tasks/743865),0,743871,0,2026-03-18T00:32:47.209859+00:00,0,743866,0,2026-03-18T00:32:46.917048+00:00,0,743869,0,2026-03-18T00:32:47.114867+00:00,0,743870,0,2026-03-18T00:32:47.145851+00:00,0,743868,0,2026-03-18T00:32:47.031723+00:00,0,743867,0,2026-03-18T00:32:46.954964+00:00
69299,2026-03-30,2026-03-31T00:00:00+00:00,2,Moorings,,[GRIZSLAYER](/app/fleet/2501),0,744733,0,2026-03-20T00:32:43.922797+00:00,[#744733](/app/tasks/744733),0,744739,0,2026-03-20T00:32:44.283295+00:00,0,744734,0,2026-03-20T00:32:43.987821+00:00,0,744737,0,2026-03-20T00:32:44.185630+00:00,0,744738,0,2026-03-20T00:32:44.210035+00:00,0,744735,0,2026-03-20T00:32:44.076042+00:00,0,744736,0,2026-03-20T00:32:44.101518+00:00
69305,2026-03-30,2026-03-31T00:00:00+00:00,2,Sunsail,,[WITCHERY](/app/fleet/3269),0,744775,0,2026-03-20T00:33:49.094087+00:00,[#744775](/app/tasks/744775),0,744781,0,2026-03-20T00:33:49.489570+00:00,0,744776,0,2026-03-20T00:33:49.170998+00:00,0,744779,0,2026-03-20T00:33:49.380411+00:00,0,744780,0,2026-03-20T00:33:49.404115+00:00,0,744777,0,2026-03-20T00:33:49.210078+00:00,0,744778,0,2026-03-20T00:33:49.298942+00:00
69345,2026-03-30,2026-03-31T00:00:00+00:00,3,Moorings,,[SEABATICAL](/app/fleet/3784),0,745930,0,2026-03-21T00:32:49.837458+00:00,[#745930](/app/tasks/745930),0,745936,0,2026-03-21T00:32:50.056278+00:00,0,745931,0,2026-03-21T00:32:49.860924+00:00,0,745934,0,2026-03-21T00:32:50.025298+00:00,0,745935,0,2026-03-21T00:32:50.042067+00:00,0,745932,0,2026-03-21T00:32:49.931246+00:00,0,745933,0,2026-03-21T00:32:50.009400+00:00
69401,2026-03-30,2026-03-31T00:00:00+00:00,4,Moorings,,[CHILLIN EFFECT](/app/fleet/2523),0,746589,0,2026-03-22T00:33:54.896015+00:00,[#746589](/app/tasks/746589),0,746595,0,2026-03-22T00:33:55.251591+00:00,0,746590,0,2026-03-22T00:33:54.947201+00:00,0,746593,0,2026-03-22T00:33:55.144227+00:00,0,746594,0,2026-03-22T00:33:55.200980+00:00,0,746591,0,2026-03-22T00:33:55.011623+00:00,0,746592,0,2026-03-22T00:33:55.099865+00:00
69402,2026-03-30,2026-03-31T00:00:00+00:00,4,Leopard,,[DORY](/app/fleet/4057),0,746596,0,2026-03-22T00:33:58.505076+00:00,[#746596](/app/tasks/746596),0,746602,0,2026-03-22T00:33:58.836407+00:00,0,746597,0,2026-03-22T00:33:58.553451+00:00,0,746600,0,2026-03-22T00:33:58.744322+00:00,0,746601,0,2026-03-22T00:33:58.792367+00:00,0,746598,0,2026-03-22T00:33:58.633613+00:00,0,746599,0,2026-03-22T00:33:58.702151+00:00
69407,2026-03-30,2026-03-31T00:00:00+00:00,4,Moorings,,[FRost Free II](/app/fleet/4160),0,746631,0,2026-03-22T00:34:06.542645+00:00,[#746631](/app/tasks/746631),0,746637,0,2026-03-22T00:34:06.901932+00:00,0,746632,0,2026-03-22T00:34:06.592514+00:00,0,746635,0,2026-03-22T00:34:06.797786+00:00,0,746636,0,2026-03-22T00:34:06.848299+00:00,0,746633,0,2026-03-22T00:34:06.655740+00:00,0,746634,0,2026-03-22T00:34:06.734097+00:00
69412,2026-03-30,2026-03-31T00:00:00+00:00,4,Moorings,,[JENNI LOU](/app/fleet/3415),0,746666,0,2026-03-22T00:34:18.896506+00:00,[#746666](/app/tasks/746666),0,746672,0,2026-03-22T00:34:19.250262+00:00,0,746667,0,2026-03-22T00:34:18.958646+00:00,0,746670,0,2026-03-22T00:34:19.156866+00:00,0,746671,0,2026-03-22T00:34:19.196555+00:00,0,746669,0,2026-03-22T00:34:19.054391+00:00,0,746668,0,2026-03-22T00:34:19.000837+00:00
69419,2026-03-30,2026-03-31T00:00:00+00:00,4,Moorings,,[Next Chapter](/app/fleet/3747),0,746715,0,2026-03-22T00:34:41.766353+00:00,[#746715](/app/tasks/746715),0,746721,0,2026-03-22T00:34:42.136029+00:00,0,746716,0,2026-03-22T00:34:41.843809+00:00,0,746719,0,2026-03-22T00:34:42.038680+00:00,0,746720,0,2026-03-22T00:34:42.063331+00:00,0,746718,0,2026-03-22T00:34:41.944208+00:00,0,746717,0,2026-03-22T00:34:41.891129+00:00
69487,2026-03-30,2026-03-31T00:00:00+00:00,4,Moorings,,[ROAZ](/app/fleet/2488),0,747402,0,2026-03-23T09:33:10.764042+00:00,[#747402](/app/tasks/747402),0,747408,0,2026-03-23T09:33:11.154439+00:00,0,747403,0,2026-03-23T09:33:10.823444+00:00,0,747406,0,2026-03-23T09:33:11.056323+00:00,0,747407,0,2026-03-23T09:33:11.098647+00:00,0,747405,0,2026-03-23T09:33:10.924606+00:00,0,747404,0,2026-03-23T09:33:10.892026+00:00
69425,2026-03-30,2026-03-31T00:00:00+00:00,4,Moorings,,[Sea Breeze II](/app/fleet/3760),0,746757,0,2026-03-22T00:34:55.942638+00:00,[#746757](/app/tasks/746757),0,746763,0,2026-03-22T00:34:56.289661+00:00,0,746758,0,2026-03-22T00:34:55.995494+00:00,0,746761,0,2026-03-22T00:34:56.194602+00:00,0,746762,0,2026-03-22T00:34:56.245518+00:00,0,746760,0,2026-03-22T00:34:56.097479+00:00,0,746759,0,2026-03-22T00:34:56.051304+00:00
69541,2026-03-30,2026-03-31T00:00:00+00:00,4,Sunsail,,[SHORE THING (NO OWNERS)](/app/fleet/3405),0,748173,0,2026-03-24T19:33:30.077728+00:00,[#748173](/app/tasks/748173),0,748179,0,2026-03-24T19:33:30.493643+00:00,0,748174,0,2026-03-24T19:33:30.119348+00:00,0,748177,0,2026-03-24T19:33:30.390322+00:00,0,748178,0,2026-03-24T19:33:30.412608+00:00,0,748176,0,2026-03-24T19:33:30.223957+00:00,0,748175,0,2026-03-24T19:33:30.197684+00:00
69473,2026-03-30,2026-03-31T00:00:00+00:00,5,Moorings,,[HAGAN TIME](/app/fleet/2491),0,747273,0,2026-03-23T00:33:07.384121+00:00,[#747273](/app/tasks/747273),0,747279,0,2026-03-23T00:33:07.785425+00:00,0,747274,0,2026-03-23T00:33:07.437456+00:00,0,747277,0,2026-03-23T00:33:07.683765+00:00,0,747278,0,2026-03-23T00:33:07.727663+00:00,0,747276,0,2026-03-23T00:33:07.579908+00:00,0,747275,0,2026-03-23T00:33:07.496858+00:00
69485,2026-03-30,2026-03-31T00:00:00+00:00,5,Moorings,,[ZENDOR](/app/fleet/2482),0,747357,0,2026-03-23T00:34:18.936549+00:00,[#747357](/app/tasks/747357),0,747363,0,2026-03-23T00:34:19.292605+00:00,0,747358,0,2026-03-23T00:34:19.003212+00:00,0,747361,0,2026-03-23T00:34:19.198787+00:00,0,747362,0,2026-03-23T00:34:19.237078+00:00,0,747360,0,2026-03-23T00:34:19.126283+00:00,0,747359,0,2026-03-23T00:34:19.082362+00:00
69552,2026-03-30,2026-03-31T00:00:00+00:00,7,Moorings,,[DIAMOND (NO OWNERS)](/app/fleet/4351),0,748295,0,2026-03-25T00:32:37.242439+00:00,[#748295](/app/tasks/748295),0,748301,0,2026-03-25T00:32:37.574417+00:00,0,748296,0,2026-03-25T00:32:37.279761+00:00,0,748299,0,2026-03-25T00:32:37.483854+00:00,0,748300,0,2026-03-25T00:32:37.535214+00:00,0,748298,0,2026-03-25T00:32:37.426640+00:00,0,748297,0,2026-03-25T00:32:37.344634+00:00
69553,2026-03-30,2026-03-31T00:00:00+00:00,7,Moorings,,[MELLOW WAVES](/app/fleet/3222),0,748302,0,2026-03-25T00:33:05.667905+00:00,[#748302](/app/tasks/748302),0,748308,0,2026-03-25T00:33:05.978731+00:00,0,748303,0,2026-03-25T00:33:05.729444+00:00,0,748306,0,2026-03-25T00:33:05.877503+00:00,0,748307,0,2026-03-25T00:33:05.935259+00:00,0,748304,0,2026-03-25T00:33:05.776475+00:00,0,748305,0,2026-03-25T00:33:05.843083+00:00
69270,2026-03-31,2026-04-01T00:00:00+00:00,QTA,Moorings,,[AVANTI](/app/fleet/1731),0,744387,0,2026-03-19T00:32:06.704733+00:00,[#744387](/app/tasks/744387),0,744393,0,2026-03-19T00:32:07.009663+00:00,0,744388,0,2026-03-19T00:32:06.728619+00:00,0,744391,0,2026-03-19T00:32:06.920577+00:00,0,744392,0,2026-03-19T00:32:06.990026+00:00,0,744389,0,2026-03-19T00:32:06.799940+00:00,0,744390,0,2026-03-19T00:32:06.884094+00:00
69272,2026-03-31,2026-04-01T00:00:00+00:00,QTA,Moorings,,[Bright Days](/app/fleet/4043),0,744401,0,2026-03-19T00:32:13.026159+00:00,[#744401](/app/tasks/744401),0,744407,0,2026-03-19T00:32:13.392648+00:00,0,744402,0,2026-03-19T00:32:13.104106+00:00,0,744405,0,2026-03-19T00:32:13.295892+00:00,0,744406,0,2026-03-19T00:32:13.314898+00:00,0,744403,0,2026-03-19T00:32:13.189253+00:00,0,744404,0,2026-03-19T00:32:13.207941+00:00
69275,2026-03-31,2026-04-01T00:00:00+00:00,QTA,Moorings,,[LOOPHOLE](/app/fleet/3617),0,744422,0,2026-03-19T00:32:46.593319+00:00,[#744422](/app/tasks/744422),0,744428,0,2026-03-19T00:32:46.911646+00:00,0,744423,0,2026-03-19T00:32:46.618912+00:00,0,744426,0,2026-03-19T00:32:46.813958+00:00,0,744427,0,2026-03-19T00:32:46.891034+00:00,0,744424,0,2026-03-19T00:32:46.706295+00:00,0,744425,0,2026-03-19T00:32:46.726790+00:00
69276,2026-03-31,2026-04-01T00:00:00+00:00,QTA,Sunsail,,[MARACAS (NO OWNERS)](/app/fleet/3755),0,744429,0,2026-03-19T00:32:49.516065+00:00,[#744429](/app/tasks/744429),0,744435,0,2026-03-19T00:32:49.904611+00:00,0,744430,0,2026-03-19T00:32:49.590620+00:00,0,744433,0,2026-03-19T00:32:49.784966+00:00,0,744434,0,2026-03-19T00:32:49.813332+00:00,0,744432,0,2026-03-19T00:32:49.681015+00:00,0,744431,0,2026-03-19T00:32:49.610641+00:00
69278,2026-03-31,2026-04-01T00:00:00+00:00,QTA,Moorings,,[SERENDIPITY](/app/fleet/2511),0,744443,0,2026-03-19T00:33:13.628980+00:00,[#744443](/app/tasks/744443),0,744449,0,2026-03-19T00:33:13.984801+00:00,0,744444,0,2026-03-19T00:33:13.704205+00:00,0,744447,0,2026-03-19T00:33:13.893094+00:00,0,744448,0,2026-03-19T00:33:13.913310+00:00,0,744445,0,2026-03-19T00:33:13.789554+00:00,0,744446,0,2026-03-19T00:33:13.811518+00:00
69303,2026-03-31,2026-04-01T00:00:00+00:00,1-N,Moorings,,[SHAPE UP II](/app/fleet/2506),0,744761,0,2026-03-20T00:33:26.490832+00:00,[#744761](/app/tasks/744761),0,744767,0,2026-03-20T00:33:26.775079+00:00,0,744762,0,2026-03-20T00:33:26.525521+00:00,0,744765,0,2026-03-20T00:33:26.692342+00:00,0,744766,0,2026-03-20T00:33:26.714438+00:00,0,744763,0,2026-03-20T00:33:26.595343+00:00,0,744764,0,2026-03-20T00:33:26.618175+00:00
69411,2026-03-31,2026-04-01T00:00:00+00:00,3,Moorings,,[ILES ET AILES](/app/fleet/2513),0,746659,0,2026-03-22T00:34:17.276168+00:00,[#746659](/app/tasks/746659),0,746665,0,2026-03-22T00:34:17.600918+00:00,0,746660,0,2026-03-22T00:34:17.338891+00:00,0,746663,0,2026-03-22T00:34:17.542330+00:00,0,746664,0,2026-03-22T00:34:17.564255+00:00,0,746661,0,2026-03-22T00:34:17.399055+00:00,0,746662,0,2026-03-22T00:34:17.452705+00:00
69418,2026-03-31,2026-04-01T00:00:00+00:00,3,Moorings,,[NAUTI DAWG](/app/fleet/3237),0,746708,0,2026-03-22T00:34:38.353807+00:00,[#746708](/app/tasks/746708),0,746714,0,2026-03-22T00:34:38.659527+00:00,0,746709,0,2026-03-22T00:34:38.397956+00:00,0,746712,0,2026-03-22T00:34:38.587141+00:00,0,746713,0,2026-03-22T00:34:38.636130+00:00,0,746710,0,2026-03-22T00:34:38.463934+00:00,0,746711,0,2026-03-22T00:34:38.538776+00:00
69428,2026-03-31,2026-04-01T00:00:00+00:00,3,Moorings,,[SEAS THE DAY](/app/fleet/1700),0,746778,0,2026-03-22T00:35:01.193944+00:00,[#746778](/app/tasks/746778),0,746784,0,2026-03-22T00:35:01.598742+00:00,0,746779,0,2026-03-22T00:35:01.251002+00:00,0,746782,0,2026-03-22T00:35:01.492546+00:00,0,746783,0,2026-03-22T00:35:01.543301+00:00,0,746780,0,2026-03-22T00:35:01.345586+00:00,0,746781,0,2026-03-22T00:35:01.396436+00:00
69435,2026-03-31,2026-04-01T00:00:00+00:00,3,Moorings,,[VOYAGER](/app/fleet/3775),0,746827,0,2026-03-22T00:35:22.352848+00:00,[#746827](/app/tasks/746827),0,746833,0,2026-03-22T00:35:22.697997+00:00,0,746828,0,2026-03-22T00:35:22.436570+00:00,0,746831,0,2026-03-22T00:35:22.603342+00:00,0,746832,0,2026-03-22T00:35:22.650899+00:00,0,746829,0,2026-03-22T00:35:22.500094+00:00,0,746830,0,2026-03-22T00:35:22.547993+00:00
69512,2026-03-31,2026-04-01T00:00:00+00:00,5,Moorings,,[BRIZO](/app/fleet/3745),0,747716,0,2026-03-24T00:32:02.952176+00:00,[#747716](/app/tasks/747716),0,747722,0,2026-03-24T00:32:03.268584+00:00,0,747717,0,2026-03-24T00:32:03.009254+00:00,0,747720,0,2026-03-24T00:32:03.212238+00:00,0,747721,0,2026-03-24T00:32:03.252966+00:00,0,747719,0,2026-03-24T00:32:03.107765+00:00,0,747718,0,2026-03-24T00:32:03.048868+00:00
69296,2026-04-01,2026-04-02T00:00:00+00:00,QTA,Moorings,,[DILKARA DREAMER](/app/fleet/3284),0,744712,0,2026-03-20T00:32:30.207818+00:00,[#744712](/app/tasks/744712),0,744718,0,2026-03-20T00:32:30.501986+00:00,0,744713,0,2026-03-20T00:32:30.271606+00:00,0,744716,0,2026-03-20T00:32:30.409947+00:00,0,744717,0,2026-03-20T00:32:30.479003+00:00,0,744714,0,2026-03-20T00:32:30.306690+00:00,0,744715,0,2026-03-20T00:32:30.377282+00:00
69297,2026-04-01,2026-04-02T00:00:00+00:00,QTA,Moorings,,[EVENT HORIZON III](/app/fleet/3281),0,744719,0,2026-03-20T00:32:35.214650+00:00,[#744719](/app/tasks/744719),0,744725,0,2026-03-20T00:32:35.577478+00:00,0,744720,0,2026-03-20T00:32:35.286522+00:00,0,744723,0,2026-03-20T00:32:35.485946+00:00,0,744724,0,2026-03-20T00:32:35.506379+00:00,0,744721,0,2026-03-20T00:32:35.377115+00:00,0,744722,0,2026-03-20T00:32:35.404050+00:00
69300,2026-04-01,2026-04-02T00:00:00+00:00,QTA,Sunsail,,[LUNASEA](/app/fleet/2497),0,744740,0,2026-03-20T00:32:57.611964+00:00,[#744740](/app/tasks/744740),0,744746,0,2026-03-20T00:32:57.978752+00:00,0,744741,0,2026-03-20T00:32:57.693981+00:00,0,744744,0,2026-03-20T00:32:57.890192+00:00,0,744745,0,2026-03-20T00:32:57.909116+00:00,0,744742,0,2026-03-20T00:32:57.779796+00:00,0,744743,0,2026-03-20T00:32:57.806319+00:00
69493,2026-04-01,2026-04-02T00:00:00+00:00,1-N,Moorings,,[Lucky Lady](/app/fleet/2527),0,747524,0,2026-03-23T13:33:02.193762+00:00,[#747524](/app/tasks/747524),0,747530,0,2026-03-23T13:33:02.601593+00:00,0,747525,0,2026-03-23T13:33:02.287131+00:00,0,747528,0,2026-03-23T13:33:02.499869+00:00,0,747529,0,2026-03-23T13:33:02.581321+00:00,0,747526,0,2026-03-23T13:33:02.382785+00:00,0,747527,0,2026-03-23T13:33:02.471417+00:00
69346,2026-04-01,2026-04-02T00:00:00+00:00,1-N,Moorings,,[TRITON](/app/fleet/3777),0,745937,0,2026-03-21T00:33:05.817513+00:00,[#745937](/app/tasks/745937),0,745943,0,2026-03-21T00:33:06.124577+00:00,0,745938,0,2026-03-21T00:33:05.846705+00:00,0,745941,0,2026-03-21T00:33:06.038029+00:00,0,745942,0,2026-03-21T00:33:06.109732+00:00,0,745939,0,2026-03-21T00:33:05.925747+00:00,0,745940,0,2026-03-21T00:33:06.015635+00:00
69397,2026-04-01,2026-04-02T00:00:00+00:00,2,Moorings,,[Airshow](/app/fleet/4042),0,746561,0,2026-03-22T00:33:39.402932+00:00,[#746561](/app/tasks/746561),0,746567,0,2026-03-22T00:33:39.811710+00:00,0,746562,0,2026-03-22T00:33:39.451159+00:00,0,746565,0,2026-03-22T00:33:39.703697+00:00,0,746566,0,2026-03-22T00:33:39.753456+00:00,0,746563,0,2026-03-22T00:33:39.547707+00:00,0,746564,0,2026-03-22T00:33:39.634373+00:00
69430,2026-04-01,2026-04-02T00:00:00+00:00,2,Sunsail,,[SERAPHINA](/app/fleet/3754),0,746792,0,2026-03-22T00:35:04.865454+00:00,[#746792](/app/tasks/746792),0,746798,0,2026-03-22T00:35:05.238322+00:00,0,746793,0,2026-03-22T00:35:04.937115+00:00,0,746796,0,2026-03-22T00:35:05.138710+00:00,0,746797,0,2026-03-22T00:35:05.186613+00:00,0,746795,0,2026-03-22T00:35:05.039057+00:00,0,746794,0,2026-03-22T00:35:04.987049+00:00
69470,2026-04-01,2026-04-02T00:00:00+00:00,3,Moorings,,[CORAL](/app/fleet/4198),0,747252,0,2026-03-23T00:32:49.224108+00:00,[#747252](/app/tasks/747252),0,747258,0,2026-03-23T00:32:49.628251+00:00,0,747253,0,2026-03-23T00:32:49.284937+00:00,0,747256,0,2026-03-23T00:32:49.528400+00:00,0,747257,0,2026-03-23T00:32:49.584389+00:00,0,747254,0,2026-03-23T00:32:49.380566+00:00,0,747255,0,2026-03-23T00:32:49.477774+00:00
69480,2026-04-01,2026-04-02T00:00:00+00:00,3,Sunsail,,[SHIP SHAPE](/app/fleet/3650),0,747322,0,2026-03-23T00:33:59.634268+00:00,[#747322](/app/tasks/747322),0,747328,0,2026-03-23T00:34:00.024148+00:00,0,747323,0,2026-03-23T00:33:59.726773+00:00,0,747326,0,2026-03-23T00:33:59.926908+00:00,0,747327,0,2026-03-23T00:33:59.976926+00:00,0,747324,0,2026-03-23T00:33:59.786305+00:00,0,747325,0,2026-03-23T00:33:59.837637+00:00
69333,2026-04-02,2026-04-03T00:00:00+00:00,QTA,Moorings,,[HONKY TONK WOMAN](/app/fleet/3647),0,745846,0,2026-03-21T00:32:22.215649+00:00,[#745846](/app/tasks/745846),0,745852,0,2026-03-21T00:32:22.424699+00:00,0,745847,0,2026-03-21T00:32:22.237274+00:00,0,745850,0,2026-03-21T00:32:22.344269+00:00,0,745851,0,2026-03-21T00:32:22.405826+00:00,0,745848,0,2026-03-21T00:32:22.258990+00:00,0,745849,0,2026-03-21T00:32:22.314654+00:00
69335,2026-04-02,2026-04-03T00:00:00+00:00,QTA,Moorings,,[Irish Wake](/app/fleet/4162),0,745860,0,2026-03-21T00:32:23.939173+00:00,[#745860](/app/tasks/745860),0,745866,0,2026-03-21T00:32:24.154437+00:00,0,745861,0,2026-03-21T00:32:23.958173+00:00,0,745864,0,2026-03-21T00:32:24.114739+00:00,0,745865,0,2026-03-21T00:32:24.132066+00:00,0,745862,0,2026-03-21T00:32:24.024464+00:00,0,745863,0,2026-03-21T00:32:24.040783+00:00
69340,2026-04-02,2026-04-03T00:00:00+00:00,QTA,Sunsail,,[NEWTON'S LAW](/app/fleet/1665),0,745895,0,2026-03-21T00:32:40.349179+00:00,[#745895](/app/tasks/745895),0,745901,0,2026-03-21T00:32:40.536993+00:00,0,745896,0,2026-03-21T00:32:40.375651+00:00,0,745899,0,2026-03-21T00:32:40.506032+00:00,0,745900,0,2026-03-21T00:32:40.521985+00:00,0,745897,0,2026-03-21T00:32:40.427835+00:00,0,745898,0,2026-03-21T00:32:40.445642+00:00
69343,2026-04-02,2026-04-03T00:00:00+00:00,QTA,Moorings,,[SALT SHAKER](/app/fleet/1998),0,745916,0,2026-03-21T00:32:47.846333+00:00,[#745916](/app/tasks/745916),0,745922,0,2026-03-21T00:32:48.109689+00:00,0,745917,0,2026-03-21T00:32:47.909303+00:00,0,745920,0,2026-03-21T00:32:48.033993+00:00,0,745921,0,2026-03-21T00:32:48.049267+00:00,0,745918,0,2026-03-21T00:32:47.937394+00:00,0,745919,0,2026-03-21T00:32:48.017205+00:00
69341,2026-04-02,2026-04-03T00:00:00+00:00,QTA,Moorings,,[ORYX](/app/fleet/1760),0,745902,0,2026-03-21T00:32:41.938665+00:00,[#745902](/app/tasks/745902),0,745908,0,2026-03-21T00:32:42.214166+00:00,0,745903,0,2026-03-21T00:32:41.965007+00:00,0,745906,0,2026-03-21T00:32:42.120714+00:00,0,745907,0,2026-03-21T00:32:42.140181+00:00,0,745904,0,2026-03-21T00:32:42.028975+00:00,0,745905,0,2026-03-21T00:32:42.048378+00:00
69342,2026-04-02,2026-04-03T00:00:00+00:00,QTA,Moorings,,[PORTO FELIZ](/app/fleet/3346),0,745909,0,2026-03-21T00:32:45.423825+00:00,[#745909](/app/tasks/745909),0,745915,0,2026-03-21T00:32:45.715071+00:00,0,745910,0,2026-03-21T00:32:45.449480+00:00,0,745913,0,2026-03-21T00:32:45.626820+00:00,0,745914,0,2026-03-21T00:32:45.644064+00:00,0,745911,0,2026-03-21T00:32:45.533406+00:00,0,745912,0,2026-03-21T00:32:45.553181+00:00
69344,2026-04-02,2026-04-03T00:00:00+00:00,QTA,Moorings,,[SANDY FEET](/app/fleet/2503),0,745923,0,2026-03-21T00:32:49.038863+00:00,[#745923](/app/tasks/745923),0,745929,0,2026-03-21T00:32:49.324871+00:00,0,745924,0,2026-03-21T00:32:49.061436+00:00,0,745927,0,2026-03-21T00:32:49.240614+00:00,0,745928,0,2026-03-21T00:32:49.306311+00:00,0,745925,0,2026-03-21T00:32:49.132988+00:00,0,745926,0,2026-03-21T00:32:49.210466+00:00
69348,2026-04-02,2026-04-03T00:00:00+00:00,QTA,Sunsail,,[WHITE OAK](/app/fleet/3752),0,745951,0,2026-03-21T00:33:09.447622+00:00,[#745951](/app/tasks/745951),0,745957,0,2026-03-21T00:33:09.735785+00:00,0,745952,0,2026-03-21T00:33:09.522935+00:00,0,745955,0,2026-03-21T00:33:09.650206+00:00,0,745956,0,2026-03-21T00:33:09.716617+00:00,0,745954,0,2026-03-21T00:33:09.614060+00:00,0,745953,0,2026-03-21T00:33:09.543545+00:00
69424,2026-04-02,2026-04-03T00:00:00+00:00,1-N,Moorings,,[SALTY JAMS](/app/fleet/3838),0,746750,0,2026-03-22T00:34:52.802033+00:00,[#746750](/app/tasks/746750),0,746756,0,2026-03-22T00:34:53.147977+00:00,0,746751,0,2026-03-22T00:34:52.857930+00:00,0,746754,0,2026-03-22T00:34:53.056279+00:00,0,746755,0,2026-03-22T00:34:53.103928+00:00,0,746752,0,2026-03-22T00:34:52.940047+00:00,0,746753,0,2026-03-22T00:34:53.003133+00:00
69427,2026-04-02,2026-04-03T00:00:00+00:00,1-N,Moorings,,[SEA SPIRIT](/app/fleet/3234),0,746771,0,2026-03-22T00:35:00.198489+00:00,[#746771](/app/tasks/746771),0,746777,0,2026-03-22T00:35:00.544556+00:00,0,746772,0,2026-03-22T00:35:00.248184+00:00,0,746775,0,2026-03-22T00:35:00.447759+00:00,0,746776,0,2026-03-22T00:35:00.500389+00:00,0,746773,0,2026-03-22T00:35:00.339802+00:00,0,746774,0,2026-03-22T00:35:00.392051+00:00
69521,2026-04-02,2026-04-03T00:00:00+00:00,3,Moorings,,[MISTLETOE (NO OWNERS)](/app/fleet/4201),0,747779,0,2026-03-24T00:32:36.850401+00:00,[#747779](/app/tasks/747779),0,747785,0,2026-03-24T00:32:37.162322+00:00,0,747780,0,2026-03-24T00:32:36.876584+00:00,0,747783,0,2026-03-24T00:32:37.072473+00:00,0,747784,0,2026-03-24T00:32:37.146040+00:00,0,747781,0,2026-03-24T00:32:36.955610+00:00,0,747782,0,2026-03-24T00:32:37.047288+00:00
69580,2026-04-02,2026-04-03T00:00:00+00:00,5,Moorings,,[VITAMIN SEA](/app/fleet/2518),0,748616,0,2026-03-26T00:33:43.540750+00:00,[#748616](/app/tasks/748616),0,748622,0,2026-03-26T00:33:43.964333+00:00,0,748617,0,2026-03-26T00:33:43.607649+00:00,0,748620,0,2026-03-26T00:33:43.858635+00:00,0,748621,0,2026-03-26T00:33:43.886264+00:00,0,748618,0,2026-03-26T00:33:43.721595+00:00,0,748619,0,2026-03-26T00:33:43.773718+00:00
